2025-12-08 02:39:38,945 DEBUG org.testng.TestNG - suiteXmlPath: "E:\Automation\eclipse-workspace\hybrid-automation-framework\crossbrowser.xml"
2025-12-08 02:39:39,449 INFO  org.testng.internal.Utils - [TestNG] Running:
  E:\Automation\eclipse-workspace\hybrid-automation-framework\crossbrowser.xml

2025-12-08 02:39:49,173 INFO  com.framework.tests.TC001_RegisterAccountTest - ===== Starting Register Account Test =====
2025-12-08 02:39:49,498 INFO  com.framework.tests.TC001_RegisterAccountTest - Navigating to My Account
2025-12-08 02:39:54,144 INFO  com.framework.tests.TC001_RegisterAccountTest - ===== Starting Register Account Test =====
2025-12-08 02:39:54,144 INFO  com.framework.tests.TC001_RegisterAccountTest - Navigating to My Account
2025-12-08 02:39:55,589 INFO  com.framework.tests.TC001_RegisterAccountTest - Clicking on Register
2025-12-08 02:39:55,728 INFO  com.framework.tests.TC001_RegisterAccountTest - Clicking on Register
2025-12-08 02:39:56,807 INFO  com.framework.tests.TC001_RegisterAccountTest - Entering First Name: RGSARHF
2025-12-08 02:39:57,117 INFO  com.framework.tests.TC001_RegisterAccountTest - Entering First Name: JTCWNRX
2025-12-08 02:39:57,316 INFO  com.framework.tests.TC001_RegisterAccountTest - Entering Last Name: GXSKSOK
2025-12-08 02:39:57,581 INFO  com.framework.tests.TC001_RegisterAccountTest - Entering Last Name: WJHMVXB
2025-12-08 02:39:57,717 INFO  com.framework.tests.TC001_RegisterAccountTest - Entering Email: oqWvxcceq@gmail.com
2025-12-08 02:39:58,023 INFO  com.framework.tests.TC001_RegisterAccountTest - Entering Email: aXwjVbIuF@gmail.com
2025-12-08 02:39:58,428 INFO  com.framework.tests.TC001_RegisterAccountTest - Entering Phone: 2807924276
2025-12-08 02:39:58,697 INFO  com.framework.tests.TC001_RegisterAccountTest - Entering Phone: 0110475288
2025-12-08 02:39:58,784 DEBUG com.framework.tests.TC001_RegisterAccountTest - Generated Password: lKl8qD60f
2025-12-08 02:39:59,113 DEBUG com.framework.tests.TC001_RegisterAccountTest - Generated Password: Qk158wmN5
2025-12-08 02:39:59,531 INFO  com.framework.tests.TC001_RegisterAccountTest - Accepting privacy policy
2025-12-08 02:39:59,624 INFO  com.framework.tests.TC001_RegisterAccountTest - Accepting privacy policy
2025-12-08 02:39:59,731 INFO  com.framework.tests.TC001_RegisterAccountTest - Clicking on Continue button
2025-12-08 02:39:59,867 INFO  com.framework.tests.TC001_RegisterAccountTest - Clicking on Continue button
2025-12-08 02:40:01,330 INFO  com.framework.tests.TC001_RegisterAccountTest - Confirmation Message Received: Your Account Has Been Created!
2025-12-08 02:40:01,427 INFO  com.framework.tests.TC001_RegisterAccountTest - Account creation test PASSED
2025-12-08 02:40:01,428 INFO  com.framework.tests.TC001_RegisterAccountTest - ===== Register Account Test Completed =====
2025-12-08 02:40:01,612 INFO  com.framework.tests.TC001_RegisterAccountTest - Confirmation Message Received: Your Account Has Been Created!
2025-12-08 02:40:01,613 INFO  com.framework.tests.TC001_RegisterAccountTest - Account creation test PASSED
2025-12-08 02:40:01,613 INFO  com.framework.tests.TC001_RegisterAccountTest - ===== Register Account Test Completed =====
2025-12-08 02:40:10,162 INFO  com.framework.tests.TC002_LoginTest - ===== Starting Login Test =====
2025-12-08 02:40:10,163 INFO  com.framework.tests.TC002_LoginTest - Navigating to My Account
2025-12-08 02:40:10,443 INFO  com.framework.tests.TC002_LoginTest - Clicking on login
2025-12-08 02:40:11,109 INFO  com.framework.tests.TC002_LoginTest - Entering UserEmail: piwene6598@badfist.com
2025-12-08 02:40:11,307 INFO  com.framework.tests.TC002_LoginTest - Entering UserEmail: Qaz@123
2025-12-08 02:40:11,429 INFO  com.framework.tests.TC002_LoginTest - Clicking on login button
2025-12-08 02:40:11,561 INFO  com.framework.tests.TC002_LoginTest - Checking if target page found!
2025-12-08 02:40:12,300 INFO  com.framework.tests.TC002_LoginTest - ===== Login Test Completed =====
2025-12-08 02:40:39,230 INFO  com.framework.tests.TC002_LoginTest - ===== Starting Login Test =====
2025-12-08 02:40:39,231 INFO  com.framework.tests.TC002_LoginTest - Navigating to My Account
2025-12-08 02:40:59,331 ERROR com.framework.tests.TC002_LoginTest - Unexpected Exception Occurred During Test Execution
org.openqa.selenium.TimeoutException: Expected condition failed: waiting for visibility of Proxy element for: DefaultElementLocator 'By.xpath: //span[normalize-space()='My Account']' (tried for 10 second(s) with 500 milliseconds interval)
	at org.openqa.selenium.support.ui.WebDriverWait.timeoutException(WebDriverWait.java:84)
	at org.openqa.selenium.support.ui.FluentWait.until(FluentWait.java:228)
	at com.framework.pages.HomePage.clickOnMyAccount(HomePage.java:28)
	at com.framework.tests.TC002_LoginTest.verifyLogin(TC002_LoginTest.java:20)
	at java.base/jdk.internal.reflect.DirectMethodHandleAccessor.invoke(DirectMethodHandleAccessor.java:104)
	at java.base/java.lang.reflect.Method.invoke(Method.java:565)
	at org.testng.internal.invokers.MethodInvocationHelper.invokeMethod(MethodInvocationHelper.java:141)
	at org.testng.internal.invokers.TestInvoker.invokeMethod(TestInvoker.java:687)
	at org.testng.internal.invokers.TestInvoker.invokeTestMethod(TestInvoker.java:230)
	at org.testng.internal.invokers.MethodRunner.runInSequence(MethodRunner.java:63)
	at org.testng.internal.invokers.TestInvoker$MethodInvocationAgent.invoke(TestInvoker.java:995)
	at org.testng.internal.invokers.TestInvoker.invokeTestMethods(TestInvoker.java:203)
	at org.testng.internal.invokers.TestMethodWorker.invokeTestMethods(TestMethodWorker.java:154)
	at org.testng.internal.invokers.TestMethodWorker.run(TestMethodWorker.java:134)
	at java.base/java.util.ArrayList.forEach(ArrayList.java:1604)
	at org.testng.TestRunner.privateRun(TestRunner.java:741)
	at org.testng.TestRunner.run(TestRunner.java:616)
	at org.testng.SuiteRunner.runTest(SuiteRunner.java:421)
	at org.testng.SuiteRunner$SuiteWorker.run(SuiteRunner.java:463)
	at org.testng.internal.thread.ThreadUtil.lambda$execute$0(ThreadUtil.java:64)
	at java.base/java.util.concurrent.FutureTask.run(FutureTask.java:328)
	at java.base/java.util.concurrent.ThreadPoolExecutor.runWorker(ThreadPoolExecutor.java:1090)
	at java.base/java.util.concurrent.ThreadPoolExecutor$Worker.run(ThreadPoolExecutor.java:614)
	at java.base/java.lang.Thread.run(Thread.java:1474)
Caused by: org.openqa.selenium.NoSuchElementException: no such element: Unable to locate element: {"method":"xpath","selector":"//span[normalize-space()='My Account']"}
  (Session info: MicrosoftEdge=143.0.3650.66)
For documentation on this error, please visit: https://www.selenium.dev/documentation/webdriver/troubleshooting/errors#nosuchelementexception
Build info: version: '4.38.0', revision: '6b412e825c*'
System info: os.name: 'Windows 10', os.arch: 'amd64', os.version: '10.0', java.version: '25'
Driver info: org.openqa.selenium.edge.EdgeDriver
Command: [6077cc714589c6fbee34c5cee2aed0fa, findElement {using=xpath, value=//span[normalize-space()='My Account']}]
Capabilities {acceptInsecureCerts: false, browserName: MicrosoftEdge, browserVersion: 143.0.3650.66, fedcm:accounts: true, goog:processID: 12908, ms:edgeOptions: {debuggerAddress: localhost:56720}, msedge: {msedgedriverVersion: 143.0.3650.66 (507b0dd34c3d..., userDataDir: C:\Users\Gowtham\AppData\Lo...}, networkConnectionEnabled: false, pageLoadStrategy: normal, platformName: windows, proxy: Proxy(), se:cdp: ws://localhost:56720/devtoo..., se:cdpVersion: 143.0.3650.66, setWindowRect: true, strictFileInteractability: false, timeouts: {implicit: 0, pageLoad: 300000, script: 30000}, unhandledPromptBehavior: dismiss and notify, webauthn:extension:credBlob: true, webauthn:extension:largeBlob: true, webauthn:extension:minPinLength: true, webauthn:extension:prf: true, webauthn:virtualAuthenticators: true}
Session ID: 6077cc714589c6fbee34c5cee2aed0fa
	at java.base/jdk.internal.reflect.DirectConstructorHandleAccessor.newInstance(DirectConstructorHandleAccessor.java:62)
	at java.base/java.lang.reflect.Constructor.newInstanceWithCaller(Constructor.java:499)
	at java.base/java.lang.reflect.Constructor.newInstance(Constructor.java:483)
	at org.openqa.selenium.remote.ErrorCodec.decode(ErrorCodec.java:167)
	at org.openqa.selenium.remote.codec.w3c.W3CHttpResponseCodec.decode(W3CHttpResponseCodec.java:138)
	at org.openqa.selenium.remote.codec.w3c.W3CHttpResponseCodec.decode(W3CHttpResponseCodec.java:50)
	at org.openqa.selenium.remote.HttpCommandExecutor.execute(HttpCommandExecutor.java:215)
	at org.openqa.selenium.remote.service.DriverCommandExecutor.invokeExecute(DriverCommandExecutor.java:216)
	at org.openqa.selenium.remote.service.DriverCommandExecutor.execute(DriverCommandExecutor.java:174)
	at org.openqa.selenium.remote.RemoteWebDriver.execute(RemoteWebDriver.java:557)
	at org.openqa.selenium.remote.ElementLocation$ElementFinder$2.findElement(ElementLocation.java:165)
	at org.openqa.selenium.remote.ElementLocation.findElement(ElementLocation.java:59)
	at org.openqa.selenium.remote.RemoteWebDriver.findElement(RemoteWebDriver.java:380)
	at org.openqa.selenium.remote.RemoteWebDriver.findElement(RemoteWebDriver.java:374)
	at org.openqa.selenium.support.pagefactory.DefaultElementLocator.findElement(DefaultElementLocator.java:68)
	at org.openqa.selenium.support.pagefactory.internal.LocatingElementHandler.invoke(LocatingElementHandler.java:38)
	at jdk.proxy2/jdk.proxy2.$Proxy31.isDisplayed(Unknown Source)
	at org.openqa.selenium.support.ui.ExpectedConditions.elementIfVisible(ExpectedConditions.java:308)
	at org.openqa.selenium.support.ui.ExpectedConditions$10.apply(ExpectedConditions.java:294)
	at org.openqa.selenium.support.ui.ExpectedConditions$10.apply(ExpectedConditions.java:291)
	at org.openqa.selenium.support.ui.FluentWait.until(FluentWait.java:203)
	... 22 more
2025-12-08 02:40:59,336 INFO  com.framework.tests.TC002_LoginTest - ===== Login Test Completed =====
2025-12-08 02:56:10,774 DEBUG org.testng.TestNG - suiteXmlPath: "E:\Automation\eclipse-workspace\hybrid-automation-framework\crossbrowser.xml"
2025-12-08 02:56:11,187 INFO  org.testng.internal.Utils - [TestNG] Running:
  E:\Automation\eclipse-workspace\hybrid-automation-framework\crossbrowser.xml

2025-12-08 02:56:19,559 INFO  com.framework.tests.TC001_RegisterAccountTest - ===== Starting Register Account Test =====
2025-12-08 02:56:19,702 INFO  com.framework.tests.TC001_RegisterAccountTest - Navigating to My Account
2025-12-08 02:56:19,924 INFO  com.framework.tests.TC001_RegisterAccountTest - Clicking on Register
2025-12-08 02:56:21,334 INFO  com.framework.tests.TC001_RegisterAccountTest - Entering First Name: CXNJCJD
2025-12-08 02:56:21,502 INFO  com.framework.tests.TC001_RegisterAccountTest - Entering Last Name: ORQVEVT
2025-12-08 02:56:21,678 INFO  com.framework.tests.TC001_RegisterAccountTest - Entering Email: KWFe6U3Ij@gmail.com
2025-12-08 02:56:21,833 INFO  com.framework.tests.TC001_RegisterAccountTest - Entering Phone: 0666704788
2025-12-08 02:56:21,937 DEBUG com.framework.tests.TC001_RegisterAccountTest - Generated Password: StvMYzllb
2025-12-08 02:56:22,185 INFO  com.framework.tests.TC001_RegisterAccountTest - Accepting privacy policy
2025-12-08 02:56:22,386 INFO  com.framework.tests.TC001_RegisterAccountTest - Clicking on Continue button
2025-12-08 02:56:23,659 INFO  com.framework.tests.TC001_RegisterAccountTest - Confirmation Message Received: Your Account Has Been Created!
2025-12-08 02:56:23,663 INFO  com.framework.tests.TC001_RegisterAccountTest - Account creation test PASSED
2025-12-08 02:56:23,663 INFO  com.framework.tests.TC001_RegisterAccountTest - ===== Register Account Test Completed =====
2025-12-08 02:56:29,873 INFO  com.framework.tests.TC002_LoginTest - ===== Starting Login Test =====
2025-12-08 02:56:29,874 INFO  com.framework.tests.TC002_LoginTest - Navigating to My Account
2025-12-08 02:56:30,137 INFO  com.framework.tests.TC002_LoginTest - Clicking on login
2025-12-08 02:56:30,574 INFO  com.framework.tests.TC002_LoginTest - Entering UserEmail: piwene6598@badfist.com
2025-12-08 02:56:30,732 INFO  com.framework.tests.TC002_LoginTest - Entering UserEmail: Qaz@123
2025-12-08 02:56:30,849 INFO  com.framework.tests.TC002_LoginTest - Clicking on login button
2025-12-08 02:56:30,949 INFO  com.framework.tests.TC002_LoginTest - Checking if target page found!
2025-12-08 02:56:32,065 INFO  com.framework.tests.TC002_LoginTest - ===== Login Test Completed =====
2025-12-08 02:57:16,393 INFO  com.framework.tests.TC001_RegisterAccountTest - ===== Starting Register Account Test =====
2025-12-08 02:57:16,395 INFO  com.framework.tests.TC001_RegisterAccountTest - Navigating to My Account
2025-12-08 02:57:16,732 INFO  com.framework.tests.TC001_RegisterAccountTest - Clicking on Register
2025-12-08 02:57:17,556 INFO  com.framework.tests.TC001_RegisterAccountTest - Entering First Name: OYQNYJY
2025-12-08 02:57:17,637 INFO  com.framework.tests.TC001_RegisterAccountTest - Entering Last Name: FIDHGUN
2025-12-08 02:57:17,677 INFO  com.framework.tests.TC001_RegisterAccountTest - Entering Email: RmtL8jiX3@gmail.com
2025-12-08 02:57:17,738 INFO  com.framework.tests.TC001_RegisterAccountTest - Entering Phone: 6732120283
2025-12-08 02:57:17,791 DEBUG com.framework.tests.TC001_RegisterAccountTest - Generated Password: O96axOS6q
2025-12-08 02:57:17,947 INFO  com.framework.tests.TC001_RegisterAccountTest - Accepting privacy policy
2025-12-08 02:57:18,056 INFO  com.framework.tests.TC001_RegisterAccountTest - Clicking on Continue button
2025-12-08 02:57:19,158 INFO  com.framework.tests.TC001_RegisterAccountTest - Confirmation Message Received: Your Account Has Been Created!
2025-12-08 02:57:19,159 INFO  com.framework.tests.TC001_RegisterAccountTest - Account creation test PASSED
2025-12-08 02:57:19,159 INFO  com.framework.tests.TC001_RegisterAccountTest - ===== Register Account Test Completed =====
2025-12-08 02:57:27,148 INFO  com.framework.tests.TC002_LoginTest - ===== Starting Login Test =====
2025-12-08 02:57:27,148 INFO  com.framework.tests.TC002_LoginTest - Navigating to My Account
2025-12-08 02:57:27,353 INFO  com.framework.tests.TC002_LoginTest - Clicking on login
2025-12-08 02:57:27,648 INFO  com.framework.tests.TC002_LoginTest - Entering UserEmail: piwene6598@badfist.com
2025-12-08 02:57:27,711 INFO  com.framework.tests.TC002_LoginTest - Entering UserEmail: Qaz@123
2025-12-08 02:57:27,741 INFO  com.framework.tests.TC002_LoginTest - Clicking on login button
2025-12-08 02:57:28,454 INFO  com.framework.tests.TC002_LoginTest - Checking if target page found!
2025-12-08 02:57:28,487 INFO  com.framework.tests.TC002_LoginTest - ===== Login Test Completed =====
2025-12-08 02:57:56,476 DEBUG org.testng.TestNG - suiteXmlPath: "E:\Automation\eclipse-workspace\hybrid-automation-framework\crossbrowser.xml"
2025-12-08 02:57:57,234 INFO  org.testng.internal.Utils - [TestNG] Running:
  E:\Automation\eclipse-workspace\hybrid-automation-framework\crossbrowser.xml

2025-12-08 03:07:27,026 DEBUG org.testng.TestNG - suiteXmlPath: "E:\Automation\eclipse-workspace\hybrid-automation-framework\crossbrowser.xml"
2025-12-08 03:07:27,903 INFO  org.testng.internal.Utils - [TestNG] Running:
  E:\Automation\eclipse-workspace\hybrid-automation-framework\crossbrowser.xml

2025-12-08 03:17:24,364 DEBUG org.testng.TestNG - suiteXmlPath: "E:\Automation\eclipse-workspace\hybrid-automation-framework\crossbrowser.xml"
2025-12-08 03:17:24,780 INFO  org.testng.internal.Utils - [TestNG] Running:
  E:\Automation\eclipse-workspace\hybrid-automation-framework\crossbrowser.xml

2025-12-08 03:51:20,789 DEBUG org.testng.TestNG - suiteXmlPath: "E:\Automation\eclipse-workspace\hybrid-automation-framework\crossbrowser.xml"
2025-12-08 03:51:21,493 INFO  org.testng.internal.Utils - [TestNG] Running:
  E:\Automation\eclipse-workspace\hybrid-automation-framework\crossbrowser.xml

2025-12-08 03:51:22,068 INFO  com.framework.driver.DriverFactory - Initializing remote driver for browser: chrome on OS: Linux
2025-12-08 03:51:22,068 INFO  com.framework.driver.DriverFactory - Initializing remote driver for browser: firefox on OS: Linux
2025-12-08 03:53:03,595 DEBUG org.testng.TestNG - suiteXmlPath: "E:\Automation\eclipse-workspace\hybrid-automation-framework\crossbrowser.xml"
2025-12-08 03:53:03,906 INFO  org.testng.internal.Utils - [TestNG] Running:
  E:\Automation\eclipse-workspace\hybrid-automation-framework\crossbrowser.xml

2025-12-08 03:53:04,097 INFO  com.framework.driver.DriverFactory - Initializing remote driver for browser: chrome on OS: Linux
2025-12-08 03:53:04,212 INFO  com.framework.driver.DriverFactory - Initializing remote driver for browser: firefox on OS: Linux
2025-12-08 03:56:04,921 INFO  com.framework.driver.DriverFactory - Initializing remote driver for browser: firefox on OS: Linux
2025-12-08 03:56:04,921 INFO  com.framework.driver.DriverFactory - Initializing remote driver for browser: chrome on OS: Linux
2025-12-08 04:06:20,394 DEBUG org.testng.TestNG - suiteXmlPath: "E:\Automation\eclipse-workspace\hybrid-automation-framework\crossbrowser.xml"
2025-12-08 04:06:21,187 INFO  org.testng.internal.Utils - [TestNG] Running:
  E:\Automation\eclipse-workspace\hybrid-automation-framework\crossbrowser.xml

2025-12-08 04:06:21,538 INFO  com.framework.driver.DriverFactory - Initializing remote driver for browser: chrome on OS: Linux
2025-12-08 04:06:21,698 INFO  com.framework.driver.DriverFactory - Initializing remote driver for browser: firefox on OS: Linux
2025-12-08 04:09:22,463 ERROR com.framework.driver.DriverFactory - Failed to initialize remote WebDriver for chrome on Linux
org.openqa.selenium.SessionNotCreatedException: Could not start a new session. Possible causes are invalid address of the remote server or browser start-up failure. null 
Host info: host: 'BLRLPT41', ip: '192.168.0.4'
	at org.openqa.selenium.remote.RemoteWebDriver.execute(RemoteWebDriver.java:578)
	at org.openqa.selenium.remote.RemoteWebDriver.startSession(RemoteWebDriver.java:246)
	at org.openqa.selenium.remote.RemoteWebDriver.<init>(RemoteWebDriver.java:174)
	at org.openqa.selenium.remote.RemoteWebDriver.<init>(RemoteWebDriver.java:152)
	at com.framework.driver.DriverFactory.initRemoteDriver(DriverFactory.java:96)
	at com.framework.base.BaseClass.setup(BaseClass.java:54)
	at java.base/jdk.internal.reflect.DirectMethodHandleAccessor.invoke(DirectMethodHandleAccessor.java:104)
	at java.base/java.lang.reflect.Method.invoke(Method.java:565)
	at org.testng.internal.invokers.MethodInvocationHelper.invokeMethod(MethodInvocationHelper.java:141)
	at org.testng.internal.invokers.MethodInvocationHelper.invokeMethodConsideringTimeout(MethodInvocationHelper.java:71)
	at org.testng.internal.invokers.ConfigInvoker.invokeConfigurationMethod(ConfigInvoker.java:400)
	at org.testng.internal.invokers.ConfigInvoker.invokeConfigurations(ConfigInvoker.java:333)
	at org.testng.internal.invokers.TestMethodWorker.invokeBeforeClassMethods(TestMethodWorker.java:188)
	at org.testng.internal.invokers.TestMethodWorker.run(TestMethodWorker.java:128)
	at java.base/java.util.ArrayList.forEach(ArrayList.java:1604)
	at org.testng.TestRunner.privateRun(TestRunner.java:741)
	at org.testng.TestRunner.run(TestRunner.java:616)
	at org.testng.SuiteRunner.runTest(SuiteRunner.java:421)
	at org.testng.SuiteRunner$SuiteWorker.run(SuiteRunner.java:463)
	at org.testng.internal.thread.ThreadUtil.lambda$execute$0(ThreadUtil.java:64)
	at java.base/java.util.concurrent.FutureTask.run(FutureTask.java:328)
	at java.base/java.util.concurrent.ThreadPoolExecutor.runWorker(ThreadPoolExecutor.java:1090)
	at java.base/java.util.concurrent.ThreadPoolExecutor$Worker.run(ThreadPoolExecutor.java:614)
	at java.base/java.lang.Thread.run(Thread.java:1474)
Caused by: org.openqa.selenium.TimeoutException: java.util.concurrent.TimeoutException
Build info: version: '4.38.0', revision: '6b412e825c*'
System info: os.name: 'Windows 10', os.arch: 'amd64', os.version: '10.0', java.version: '25'
Driver info: driver.version: RemoteWebDriver
	at org.openqa.selenium.remote.http.jdk.JdkHttpClient.execute(JdkHttpClient.java:427)
	at org.openqa.selenium.remote.tracing.TracedHttpClient.execute(TracedHttpClient.java:54)
	at org.openqa.selenium.remote.ProtocolHandshake.createSession(ProtocolHandshake.java:89)
	at org.openqa.selenium.remote.ProtocolHandshake.createSession(ProtocolHandshake.java:75)
	at org.openqa.selenium.remote.ProtocolHandshake.createSession(ProtocolHandshake.java:61)
	at org.openqa.selenium.remote.HttpCommandExecutor.execute(HttpCommandExecutor.java:187)
	at org.openqa.selenium.remote.TracedCommandExecutor.execute(TracedCommandExecutor.java:53)
	at org.openqa.selenium.remote.RemoteWebDriver.execute(RemoteWebDriver.java:557)
	... 23 more
Caused by: java.util.concurrent.TimeoutException
	at java.base/java.util.concurrent.CompletableFuture$Timeout.run(CompletableFuture.java:2828)
	at java.base/java.util.concurrent.DelayScheduler$ScheduledForkJoinTask.compute(DelayScheduler.java:510)
	at java.base/java.util.concurrent.ForkJoinTask$InterruptibleTask.exec(ForkJoinTask.java:1659)
	at java.base/java.util.concurrent.ForkJoinTask.doExec(ForkJoinTask.java:511)
	at java.base/java.util.concurrent.DelayScheduler.loop(DelayScheduler.java:325)
	at java.base/java.util.concurrent.DelayScheduler.run(DelayScheduler.java:221)
2025-12-08 04:09:22,464 ERROR com.framework.driver.DriverFactory - Failed to initialize remote WebDriver for firefox on Linux
org.openqa.selenium.SessionNotCreatedException: Could not start a new session. Possible causes are invalid address of the remote server or browser start-up failure. null 
Host info: host: 'BLRLPT41', ip: '192.168.0.4'
	at org.openqa.selenium.remote.RemoteWebDriver.execute(RemoteWebDriver.java:578)
	at org.openqa.selenium.remote.RemoteWebDriver.startSession(RemoteWebDriver.java:246)
	at org.openqa.selenium.remote.RemoteWebDriver.<init>(RemoteWebDriver.java:174)
	at org.openqa.selenium.remote.RemoteWebDriver.<init>(RemoteWebDriver.java:152)
	at com.framework.driver.DriverFactory.initRemoteDriver(DriverFactory.java:105)
	at com.framework.base.BaseClass.setup(BaseClass.java:54)
	at java.base/jdk.internal.reflect.DirectMethodHandleAccessor.invoke(DirectMethodHandleAccessor.java:104)
	at java.base/java.lang.reflect.Method.invoke(Method.java:565)
	at org.testng.internal.invokers.MethodInvocationHelper.invokeMethod(MethodInvocationHelper.java:141)
	at org.testng.internal.invokers.MethodInvocationHelper.invokeMethodConsideringTimeout(MethodInvocationHelper.java:71)
	at org.testng.internal.invokers.ConfigInvoker.invokeConfigurationMethod(ConfigInvoker.java:400)
	at org.testng.internal.invokers.ConfigInvoker.invokeConfigurations(ConfigInvoker.java:333)
	at org.testng.internal.invokers.TestMethodWorker.invokeBeforeClassMethods(TestMethodWorker.java:188)
	at org.testng.internal.invokers.TestMethodWorker.run(TestMethodWorker.java:128)
	at java.base/java.util.ArrayList.forEach(ArrayList.java:1604)
	at org.testng.TestRunner.privateRun(TestRunner.java:741)
	at org.testng.TestRunner.run(TestRunner.java:616)
	at org.testng.SuiteRunner.runTest(SuiteRunner.java:421)
	at org.testng.SuiteRunner$SuiteWorker.run(SuiteRunner.java:463)
	at org.testng.internal.thread.ThreadUtil.lambda$execute$0(ThreadUtil.java:64)
	at java.base/java.util.concurrent.FutureTask.run(FutureTask.java:328)
	at java.base/java.util.concurrent.ThreadPoolExecutor.runWorker(ThreadPoolExecutor.java:1090)
	at java.base/java.util.concurrent.ThreadPoolExecutor$Worker.run(ThreadPoolExecutor.java:614)
	at java.base/java.lang.Thread.run(Thread.java:1474)
Caused by: org.openqa.selenium.TimeoutException: java.util.concurrent.TimeoutException
Build info: version: '4.38.0', revision: '6b412e825c*'
System info: os.name: 'Windows 10', os.arch: 'amd64', os.version: '10.0', java.version: '25'
Driver info: driver.version: RemoteWebDriver
	at org.openqa.selenium.remote.http.jdk.JdkHttpClient.execute(JdkHttpClient.java:427)
	at org.openqa.selenium.remote.tracing.TracedHttpClient.execute(TracedHttpClient.java:54)
	at org.openqa.selenium.remote.ProtocolHandshake.createSession(ProtocolHandshake.java:89)
	at org.openqa.selenium.remote.ProtocolHandshake.createSession(ProtocolHandshake.java:75)
	at org.openqa.selenium.remote.ProtocolHandshake.createSession(ProtocolHandshake.java:61)
	at org.openqa.selenium.remote.HttpCommandExecutor.execute(HttpCommandExecutor.java:187)
	at org.openqa.selenium.remote.TracedCommandExecutor.execute(TracedCommandExecutor.java:53)
	at org.openqa.selenium.remote.RemoteWebDriver.execute(RemoteWebDriver.java:557)
	... 23 more
Caused by: java.util.concurrent.TimeoutException
	at java.base/java.util.concurrent.CompletableFuture$Timeout.run(CompletableFuture.java:2828)
	at java.base/java.util.concurrent.DelayScheduler$ScheduledForkJoinTask.compute(DelayScheduler.java:510)
	at java.base/java.util.concurrent.ForkJoinTask$InterruptibleTask.exec(ForkJoinTask.java:1659)
	at java.base/java.util.concurrent.ForkJoinTask.doExec(ForkJoinTask.java:511)
	at java.base/java.util.concurrent.DelayScheduler.loop(DelayScheduler.java:325)
	at java.base/java.util.concurrent.DelayScheduler.run(DelayScheduler.java:221)
2025-12-08 04:09:22,670 INFO  com.framework.driver.DriverFactory - Initializing remote driver for browser: firefox on OS: Linux
2025-12-08 04:09:22,698 INFO  com.framework.driver.DriverFactory - Initializing remote driver for browser: chrome on OS: Linux
2025-12-08 04:12:22,694 ERROR com.framework.driver.DriverFactory - Failed to initialize remote WebDriver for firefox on Linux
org.openqa.selenium.SessionNotCreatedException: Could not start a new session. Possible causes are invalid address of the remote server or browser start-up failure. null 
Host info: host: 'BLRLPT41', ip: '192.168.0.4'
	at org.openqa.selenium.remote.RemoteWebDriver.execute(RemoteWebDriver.java:578)
	at org.openqa.selenium.remote.RemoteWebDriver.startSession(RemoteWebDriver.java:246)
	at org.openqa.selenium.remote.RemoteWebDriver.<init>(RemoteWebDriver.java:174)
	at org.openqa.selenium.remote.RemoteWebDriver.<init>(RemoteWebDriver.java:152)
	at com.framework.driver.DriverFactory.initRemoteDriver(DriverFactory.java:105)
	at com.framework.base.BaseClass.setup(BaseClass.java:54)
	at java.base/jdk.internal.reflect.DirectMethodHandleAccessor.invoke(DirectMethodHandleAccessor.java:104)
	at java.base/java.lang.reflect.Method.invoke(Method.java:565)
	at org.testng.internal.invokers.MethodInvocationHelper.invokeMethod(MethodInvocationHelper.java:141)
	at org.testng.internal.invokers.MethodInvocationHelper.invokeMethodConsideringTimeout(MethodInvocationHelper.java:71)
	at org.testng.internal.invokers.ConfigInvoker.invokeConfigurationMethod(ConfigInvoker.java:400)
	at org.testng.internal.invokers.ConfigInvoker.invokeConfigurations(ConfigInvoker.java:333)
	at org.testng.internal.invokers.TestMethodWorker.invokeBeforeClassMethods(TestMethodWorker.java:188)
	at org.testng.internal.invokers.TestMethodWorker.run(TestMethodWorker.java:128)
	at java.base/java.util.ArrayList.forEach(ArrayList.java:1604)
	at org.testng.TestRunner.privateRun(TestRunner.java:741)
	at org.testng.TestRunner.run(TestRunner.java:616)
	at org.testng.SuiteRunner.runTest(SuiteRunner.java:421)
	at org.testng.SuiteRunner$SuiteWorker.run(SuiteRunner.java:463)
	at org.testng.internal.thread.ThreadUtil.lambda$execute$0(ThreadUtil.java:64)
	at java.base/java.util.concurrent.FutureTask.run(FutureTask.java:328)
	at java.base/java.util.concurrent.ThreadPoolExecutor.runWorker(ThreadPoolExecutor.java:1090)
	at java.base/java.util.concurrent.ThreadPoolExecutor$Worker.run(ThreadPoolExecutor.java:614)
	at java.base/java.lang.Thread.run(Thread.java:1474)
Caused by: org.openqa.selenium.TimeoutException: java.util.concurrent.TimeoutException
Build info: version: '4.38.0', revision: '6b412e825c*'
System info: os.name: 'Windows 10', os.arch: 'amd64', os.version: '10.0', java.version: '25'
Driver info: driver.version: RemoteWebDriver
	at org.openqa.selenium.remote.http.jdk.JdkHttpClient.execute(JdkHttpClient.java:427)
	at org.openqa.selenium.remote.tracing.TracedHttpClient.execute(TracedHttpClient.java:54)
	at org.openqa.selenium.remote.ProtocolHandshake.createSession(ProtocolHandshake.java:89)
	at org.openqa.selenium.remote.ProtocolHandshake.createSession(ProtocolHandshake.java:75)
	at org.openqa.selenium.remote.ProtocolHandshake.createSession(ProtocolHandshake.java:61)
	at org.openqa.selenium.remote.HttpCommandExecutor.execute(HttpCommandExecutor.java:187)
	at org.openqa.selenium.remote.TracedCommandExecutor.execute(TracedCommandExecutor.java:53)
	at org.openqa.selenium.remote.RemoteWebDriver.execute(RemoteWebDriver.java:557)
	... 23 more
Caused by: java.util.concurrent.TimeoutException
	at java.base/java.util.concurrent.CompletableFuture$Timeout.run(CompletableFuture.java:2828)
	at java.base/java.util.concurrent.DelayScheduler$ScheduledForkJoinTask.compute(DelayScheduler.java:510)
	at java.base/java.util.concurrent.ForkJoinTask$InterruptibleTask.exec(ForkJoinTask.java:1659)
	at java.base/java.util.concurrent.ForkJoinTask.doExec(ForkJoinTask.java:511)
	at java.base/java.util.concurrent.DelayScheduler.loop(DelayScheduler.java:325)
	at java.base/java.util.concurrent.DelayScheduler.run(DelayScheduler.java:221)
2025-12-08 04:12:22,724 ERROR com.framework.driver.DriverFactory - Failed to initialize remote WebDriver for chrome on Linux
org.openqa.selenium.SessionNotCreatedException: Could not start a new session. Possible causes are invalid address of the remote server or browser start-up failure. null 
Host info: host: 'BLRLPT41', ip: '192.168.0.4'
	at org.openqa.selenium.remote.RemoteWebDriver.execute(RemoteWebDriver.java:578)
	at org.openqa.selenium.remote.RemoteWebDriver.startSession(RemoteWebDriver.java:246)
	at org.openqa.selenium.remote.RemoteWebDriver.<init>(RemoteWebDriver.java:174)
	at org.openqa.selenium.remote.RemoteWebDriver.<init>(RemoteWebDriver.java:152)
	at com.framework.driver.DriverFactory.initRemoteDriver(DriverFactory.java:96)
	at com.framework.base.BaseClass.setup(BaseClass.java:54)
	at java.base/jdk.internal.reflect.DirectMethodHandleAccessor.invoke(DirectMethodHandleAccessor.java:104)
	at java.base/java.lang.reflect.Method.invoke(Method.java:565)
	at org.testng.internal.invokers.MethodInvocationHelper.invokeMethod(MethodInvocationHelper.java:141)
	at org.testng.internal.invokers.MethodInvocationHelper.invokeMethodConsideringTimeout(MethodInvocationHelper.java:71)
	at org.testng.internal.invokers.ConfigInvoker.invokeConfigurationMethod(ConfigInvoker.java:400)
	at org.testng.internal.invokers.ConfigInvoker.invokeConfigurations(ConfigInvoker.java:333)
	at org.testng.internal.invokers.TestMethodWorker.invokeBeforeClassMethods(TestMethodWorker.java:188)
	at org.testng.internal.invokers.TestMethodWorker.run(TestMethodWorker.java:128)
	at java.base/java.util.ArrayList.forEach(ArrayList.java:1604)
	at org.testng.TestRunner.privateRun(TestRunner.java:741)
	at org.testng.TestRunner.run(TestRunner.java:616)
	at org.testng.SuiteRunner.runTest(SuiteRunner.java:421)
	at org.testng.SuiteRunner$SuiteWorker.run(SuiteRunner.java:463)
	at org.testng.internal.thread.ThreadUtil.lambda$execute$0(ThreadUtil.java:64)
	at java.base/java.util.concurrent.FutureTask.run(FutureTask.java:328)
	at java.base/java.util.concurrent.ThreadPoolExecutor.runWorker(ThreadPoolExecutor.java:1090)
	at java.base/java.util.concurrent.ThreadPoolExecutor$Worker.run(ThreadPoolExecutor.java:614)
	at java.base/java.lang.Thread.run(Thread.java:1474)
Caused by: org.openqa.selenium.TimeoutException: java.util.concurrent.TimeoutException
Build info: version: '4.38.0', revision: '6b412e825c*'
System info: os.name: 'Windows 10', os.arch: 'amd64', os.version: '10.0', java.version: '25'
Driver info: driver.version: RemoteWebDriver
	at org.openqa.selenium.remote.http.jdk.JdkHttpClient.execute(JdkHttpClient.java:427)
	at org.openqa.selenium.remote.tracing.TracedHttpClient.execute(TracedHttpClient.java:54)
	at org.openqa.selenium.remote.ProtocolHandshake.createSession(ProtocolHandshake.java:89)
	at org.openqa.selenium.remote.ProtocolHandshake.createSession(ProtocolHandshake.java:75)
	at org.openqa.selenium.remote.ProtocolHandshake.createSession(ProtocolHandshake.java:61)
	at org.openqa.selenium.remote.HttpCommandExecutor.execute(HttpCommandExecutor.java:187)
	at org.openqa.selenium.remote.TracedCommandExecutor.execute(TracedCommandExecutor.java:53)
	at org.openqa.selenium.remote.RemoteWebDriver.execute(RemoteWebDriver.java:557)
	... 23 more
Caused by: java.util.concurrent.TimeoutException
	at java.base/java.util.concurrent.CompletableFuture$Timeout.run(CompletableFuture.java:2828)
	at java.base/java.util.concurrent.DelayScheduler$ScheduledForkJoinTask.compute(DelayScheduler.java:510)
	at java.base/java.util.concurrent.ForkJoinTask$InterruptibleTask.exec(ForkJoinTask.java:1659)
	at java.base/java.util.concurrent.ForkJoinTask.doExec(ForkJoinTask.java:511)
	at java.base/java.util.concurrent.DelayScheduler.loop(DelayScheduler.java:325)
	at java.base/java.util.concurrent.DelayScheduler.run(DelayScheduler.java:221)
2025-12-08 04:19:56,945 DEBUG org.testng.TestNG - suiteXmlPath: "E:\Automation\eclipse-workspace\hybrid-automation-framework\crossbrowser.xml"
2025-12-08 04:19:57,519 INFO  org.testng.internal.Utils - [TestNG] Running:
  E:\Automation\eclipse-workspace\hybrid-automation-framework\crossbrowser.xml

2025-12-08 04:19:57,863 INFO  com.framework.driver.DriverFactory - Initializing remote driver for browser: chrome on OS: Linux
2025-12-08 04:19:57,863 INFO  com.framework.driver.DriverFactory - Initializing remote driver for browser: firefox on OS: Linux
2025-12-08 04:22:58,619 ERROR com.framework.driver.DriverFactory - Failed to initialize remote WebDriver for firefox on Linux
org.openqa.selenium.SessionNotCreatedException: Could not start a new session. Possible causes are invalid address of the remote server or browser start-up failure. null 
Host info: host: 'BLRLPT41', ip: '192.168.0.4'
	at org.openqa.selenium.remote.RemoteWebDriver.execute(RemoteWebDriver.java:578)
	at org.openqa.selenium.remote.RemoteWebDriver.startSession(RemoteWebDriver.java:246)
	at org.openqa.selenium.remote.RemoteWebDriver.<init>(RemoteWebDriver.java:174)
	at org.openqa.selenium.remote.RemoteWebDriver.<init>(RemoteWebDriver.java:152)
	at com.framework.driver.DriverFactory.initRemoteDriver(DriverFactory.java:105)
	at com.framework.base.BaseClass.setup(BaseClass.java:54)
	at java.base/jdk.internal.reflect.DirectMethodHandleAccessor.invoke(DirectMethodHandleAccessor.java:104)
	at java.base/java.lang.reflect.Method.invoke(Method.java:565)
	at org.testng.internal.invokers.MethodInvocationHelper.invokeMethod(MethodInvocationHelper.java:141)
	at org.testng.internal.invokers.MethodInvocationHelper.invokeMethodConsideringTimeout(MethodInvocationHelper.java:71)
	at org.testng.internal.invokers.ConfigInvoker.invokeConfigurationMethod(ConfigInvoker.java:400)
	at org.testng.internal.invokers.ConfigInvoker.invokeConfigurations(ConfigInvoker.java:333)
	at org.testng.internal.invokers.TestMethodWorker.invokeBeforeClassMethods(TestMethodWorker.java:188)
	at org.testng.internal.invokers.TestMethodWorker.run(TestMethodWorker.java:128)
	at java.base/java.util.ArrayList.forEach(ArrayList.java:1604)
	at org.testng.TestRunner.privateRun(TestRunner.java:741)
	at org.testng.TestRunner.run(TestRunner.java:616)
	at org.testng.SuiteRunner.runTest(SuiteRunner.java:421)
	at org.testng.SuiteRunner$SuiteWorker.run(SuiteRunner.java:463)
	at org.testng.internal.thread.ThreadUtil.lambda$execute$0(ThreadUtil.java:64)
	at java.base/java.util.concurrent.FutureTask.run(FutureTask.java:328)
	at java.base/java.util.concurrent.ThreadPoolExecutor.runWorker(ThreadPoolExecutor.java:1090)
	at java.base/java.util.concurrent.ThreadPoolExecutor$Worker.run(ThreadPoolExecutor.java:614)
	at java.base/java.lang.Thread.run(Thread.java:1474)
Caused by: org.openqa.selenium.TimeoutException: java.util.concurrent.TimeoutException
Build info: version: '4.38.0', revision: '6b412e825c*'
System info: os.name: 'Windows 10', os.arch: 'amd64', os.version: '10.0', java.version: '25'
Driver info: driver.version: RemoteWebDriver
	at org.openqa.selenium.remote.http.jdk.JdkHttpClient.execute(JdkHttpClient.java:427)
	at org.openqa.selenium.remote.tracing.TracedHttpClient.execute(TracedHttpClient.java:54)
	at org.openqa.selenium.remote.ProtocolHandshake.createSession(ProtocolHandshake.java:89)
	at org.openqa.selenium.remote.ProtocolHandshake.createSession(ProtocolHandshake.java:75)
	at org.openqa.selenium.remote.ProtocolHandshake.createSession(ProtocolHandshake.java:61)
	at org.openqa.selenium.remote.HttpCommandExecutor.execute(HttpCommandExecutor.java:187)
	at org.openqa.selenium.remote.TracedCommandExecutor.execute(TracedCommandExecutor.java:53)
	at org.openqa.selenium.remote.RemoteWebDriver.execute(RemoteWebDriver.java:557)
	... 23 more
Caused by: java.util.concurrent.TimeoutException
	at java.base/java.util.concurrent.CompletableFuture$Timeout.run(CompletableFuture.java:2828)
	at java.base/java.util.concurrent.DelayScheduler$ScheduledForkJoinTask.compute(DelayScheduler.java:510)
	at java.base/java.util.concurrent.ForkJoinTask$InterruptibleTask.exec(ForkJoinTask.java:1659)
	at java.base/java.util.concurrent.ForkJoinTask.doExec(ForkJoinTask.java:511)
	at java.base/java.util.concurrent.DelayScheduler.loop(DelayScheduler.java:325)
	at java.base/java.util.concurrent.DelayScheduler.run(DelayScheduler.java:221)
2025-12-08 04:22:58,619 ERROR com.framework.driver.DriverFactory - Failed to initialize remote WebDriver for chrome on Linux
org.openqa.selenium.SessionNotCreatedException: Could not start a new session. Possible causes are invalid address of the remote server or browser start-up failure. null 
Host info: host: 'BLRLPT41', ip: '192.168.0.4'
	at org.openqa.selenium.remote.RemoteWebDriver.execute(RemoteWebDriver.java:578)
	at org.openqa.selenium.remote.RemoteWebDriver.startSession(RemoteWebDriver.java:246)
	at org.openqa.selenium.remote.RemoteWebDriver.<init>(RemoteWebDriver.java:174)
	at org.openqa.selenium.remote.RemoteWebDriver.<init>(RemoteWebDriver.java:152)
	at com.framework.driver.DriverFactory.initRemoteDriver(DriverFactory.java:96)
	at com.framework.base.BaseClass.setup(BaseClass.java:54)
	at java.base/jdk.internal.reflect.DirectMethodHandleAccessor.invoke(DirectMethodHandleAccessor.java:104)
	at java.base/java.lang.reflect.Method.invoke(Method.java:565)
	at org.testng.internal.invokers.MethodInvocationHelper.invokeMethod(MethodInvocationHelper.java:141)
	at org.testng.internal.invokers.MethodInvocationHelper.invokeMethodConsideringTimeout(MethodInvocationHelper.java:71)
	at org.testng.internal.invokers.ConfigInvoker.invokeConfigurationMethod(ConfigInvoker.java:400)
	at org.testng.internal.invokers.ConfigInvoker.invokeConfigurations(ConfigInvoker.java:333)
	at org.testng.internal.invokers.TestMethodWorker.invokeBeforeClassMethods(TestMethodWorker.java:188)
	at org.testng.internal.invokers.TestMethodWorker.run(TestMethodWorker.java:128)
	at java.base/java.util.ArrayList.forEach(ArrayList.java:1604)
	at org.testng.TestRunner.privateRun(TestRunner.java:741)
	at org.testng.TestRunner.run(TestRunner.java:616)
	at org.testng.SuiteRunner.runTest(SuiteRunner.java:421)
	at org.testng.SuiteRunner$SuiteWorker.run(SuiteRunner.java:463)
	at org.testng.internal.thread.ThreadUtil.lambda$execute$0(ThreadUtil.java:64)
	at java.base/java.util.concurrent.FutureTask.run(FutureTask.java:328)
	at java.base/java.util.concurrent.ThreadPoolExecutor.runWorker(ThreadPoolExecutor.java:1090)
	at java.base/java.util.concurrent.ThreadPoolExecutor$Worker.run(ThreadPoolExecutor.java:614)
	at java.base/java.lang.Thread.run(Thread.java:1474)
Caused by: org.openqa.selenium.TimeoutException: java.util.concurrent.TimeoutException
Build info: version: '4.38.0', revision: '6b412e825c*'
System info: os.name: 'Windows 10', os.arch: 'amd64', os.version: '10.0', java.version: '25'
Driver info: driver.version: RemoteWebDriver
	at org.openqa.selenium.remote.http.jdk.JdkHttpClient.execute(JdkHttpClient.java:427)
	at org.openqa.selenium.remote.tracing.TracedHttpClient.execute(TracedHttpClient.java:54)
	at org.openqa.selenium.remote.ProtocolHandshake.createSession(ProtocolHandshake.java:89)
	at org.openqa.selenium.remote.ProtocolHandshake.createSession(ProtocolHandshake.java:75)
	at org.openqa.selenium.remote.ProtocolHandshake.createSession(ProtocolHandshake.java:61)
	at org.openqa.selenium.remote.HttpCommandExecutor.execute(HttpCommandExecutor.java:187)
	at org.openqa.selenium.remote.TracedCommandExecutor.execute(TracedCommandExecutor.java:53)
	at org.openqa.selenium.remote.RemoteWebDriver.execute(RemoteWebDriver.java:557)
	... 23 more
Caused by: java.util.concurrent.TimeoutException
	at java.base/java.util.concurrent.CompletableFuture$Timeout.run(CompletableFuture.java:2828)
	at java.base/java.util.concurrent.DelayScheduler$ScheduledForkJoinTask.compute(DelayScheduler.java:510)
	at java.base/java.util.concurrent.ForkJoinTask$InterruptibleTask.exec(ForkJoinTask.java:1659)
	at java.base/java.util.concurrent.ForkJoinTask.doExec(ForkJoinTask.java:511)
	at java.base/java.util.concurrent.DelayScheduler.loop(DelayScheduler.java:325)
	at java.base/java.util.concurrent.DelayScheduler.run(DelayScheduler.java:221)
2025-12-08 04:22:58,845 INFO  com.framework.driver.DriverFactory - Initializing remote driver for browser: chrome on OS: Linux
2025-12-08 04:22:58,850 INFO  com.framework.driver.DriverFactory - Initializing remote driver for browser: firefox on OS: Linux
2025-12-08 04:25:58,872 ERROR com.framework.driver.DriverFactory - Failed to initialize remote WebDriver for firefox on Linux
org.openqa.selenium.SessionNotCreatedException: Could not start a new session. Possible causes are invalid address of the remote server or browser start-up failure. null 
Host info: host: 'BLRLPT41', ip: '192.168.0.4'
	at org.openqa.selenium.remote.RemoteWebDriver.execute(RemoteWebDriver.java:578)
	at org.openqa.selenium.remote.RemoteWebDriver.startSession(RemoteWebDriver.java:246)
	at org.openqa.selenium.remote.RemoteWebDriver.<init>(RemoteWebDriver.java:174)
	at org.openqa.selenium.remote.RemoteWebDriver.<init>(RemoteWebDriver.java:152)
	at com.framework.driver.DriverFactory.initRemoteDriver(DriverFactory.java:105)
	at com.framework.base.BaseClass.setup(BaseClass.java:54)
	at java.base/jdk.internal.reflect.DirectMethodHandleAccessor.invoke(DirectMethodHandleAccessor.java:104)
	at java.base/java.lang.reflect.Method.invoke(Method.java:565)
	at org.testng.internal.invokers.MethodInvocationHelper.invokeMethod(MethodInvocationHelper.java:141)
	at org.testng.internal.invokers.MethodInvocationHelper.invokeMethodConsideringTimeout(MethodInvocationHelper.java:71)
	at org.testng.internal.invokers.ConfigInvoker.invokeConfigurationMethod(ConfigInvoker.java:400)
	at org.testng.internal.invokers.ConfigInvoker.invokeConfigurations(ConfigInvoker.java:333)
	at org.testng.internal.invokers.TestMethodWorker.invokeBeforeClassMethods(TestMethodWorker.java:188)
	at org.testng.internal.invokers.TestMethodWorker.run(TestMethodWorker.java:128)
	at java.base/java.util.ArrayList.forEach(ArrayList.java:1604)
	at org.testng.TestRunner.privateRun(TestRunner.java:741)
	at org.testng.TestRunner.run(TestRunner.java:616)
	at org.testng.SuiteRunner.runTest(SuiteRunner.java:421)
	at org.testng.SuiteRunner$SuiteWorker.run(SuiteRunner.java:463)
	at org.testng.internal.thread.ThreadUtil.lambda$execute$0(ThreadUtil.java:64)
	at java.base/java.util.concurrent.FutureTask.run(FutureTask.java:328)
	at java.base/java.util.concurrent.ThreadPoolExecutor.runWorker(ThreadPoolExecutor.java:1090)
	at java.base/java.util.concurrent.ThreadPoolExecutor$Worker.run(ThreadPoolExecutor.java:614)
	at java.base/java.lang.Thread.run(Thread.java:1474)
Caused by: org.openqa.selenium.TimeoutException: java.util.concurrent.TimeoutException
Build info: version: '4.38.0', revision: '6b412e825c*'
System info: os.name: 'Windows 10', os.arch: 'amd64', os.version: '10.0', java.version: '25'
Driver info: driver.version: RemoteWebDriver
	at org.openqa.selenium.remote.http.jdk.JdkHttpClient.execute(JdkHttpClient.java:427)
	at org.openqa.selenium.remote.tracing.TracedHttpClient.execute(TracedHttpClient.java:54)
	at org.openqa.selenium.remote.ProtocolHandshake.createSession(ProtocolHandshake.java:89)
	at org.openqa.selenium.remote.ProtocolHandshake.createSession(ProtocolHandshake.java:75)
	at org.openqa.selenium.remote.ProtocolHandshake.createSession(ProtocolHandshake.java:61)
	at org.openqa.selenium.remote.HttpCommandExecutor.execute(HttpCommandExecutor.java:187)
	at org.openqa.selenium.remote.TracedCommandExecutor.execute(TracedCommandExecutor.java:53)
	at org.openqa.selenium.remote.RemoteWebDriver.execute(RemoteWebDriver.java:557)
	... 23 more
Caused by: java.util.concurrent.TimeoutException
	at java.base/java.util.concurrent.CompletableFuture$Timeout.run(CompletableFuture.java:2828)
	at java.base/java.util.concurrent.DelayScheduler$ScheduledForkJoinTask.compute(DelayScheduler.java:510)
	at java.base/java.util.concurrent.ForkJoinTask$InterruptibleTask.exec(ForkJoinTask.java:1659)
	at java.base/java.util.concurrent.ForkJoinTask.doExec(ForkJoinTask.java:511)
	at java.base/java.util.concurrent.DelayScheduler.loop(DelayScheduler.java:325)
	at java.base/java.util.concurrent.DelayScheduler.run(DelayScheduler.java:221)
2025-12-08 04:25:58,872 ERROR com.framework.driver.DriverFactory - Failed to initialize remote WebDriver for chrome on Linux
org.openqa.selenium.SessionNotCreatedException: Could not start a new session. Possible causes are invalid address of the remote server or browser start-up failure. null 
Host info: host: 'BLRLPT41', ip: '192.168.0.4'
	at org.openqa.selenium.remote.RemoteWebDriver.execute(RemoteWebDriver.java:578)
	at org.openqa.selenium.remote.RemoteWebDriver.startSession(RemoteWebDriver.java:246)
	at org.openqa.selenium.remote.RemoteWebDriver.<init>(RemoteWebDriver.java:174)
	at org.openqa.selenium.remote.RemoteWebDriver.<init>(RemoteWebDriver.java:152)
	at com.framework.driver.DriverFactory.initRemoteDriver(DriverFactory.java:96)
	at com.framework.base.BaseClass.setup(BaseClass.java:54)
	at java.base/jdk.internal.reflect.DirectMethodHandleAccessor.invoke(DirectMethodHandleAccessor.java:104)
	at java.base/java.lang.reflect.Method.invoke(Method.java:565)
	at org.testng.internal.invokers.MethodInvocationHelper.invokeMethod(MethodInvocationHelper.java:141)
	at org.testng.internal.invokers.MethodInvocationHelper.invokeMethodConsideringTimeout(MethodInvocationHelper.java:71)
	at org.testng.internal.invokers.ConfigInvoker.invokeConfigurationMethod(ConfigInvoker.java:400)
	at org.testng.internal.invokers.ConfigInvoker.invokeConfigurations(ConfigInvoker.java:333)
	at org.testng.internal.invokers.TestMethodWorker.invokeBeforeClassMethods(TestMethodWorker.java:188)
	at org.testng.internal.invokers.TestMethodWorker.run(TestMethodWorker.java:128)
	at java.base/java.util.ArrayList.forEach(ArrayList.java:1604)
	at org.testng.TestRunner.privateRun(TestRunner.java:741)
	at org.testng.TestRunner.run(TestRunner.java:616)
	at org.testng.SuiteRunner.runTest(SuiteRunner.java:421)
	at org.testng.SuiteRunner$SuiteWorker.run(SuiteRunner.java:463)
	at org.testng.internal.thread.ThreadUtil.lambda$execute$0(ThreadUtil.java:64)
	at java.base/java.util.concurrent.FutureTask.run(FutureTask.java:328)
	at java.base/java.util.concurrent.ThreadPoolExecutor.runWorker(ThreadPoolExecutor.java:1090)
	at java.base/java.util.concurrent.ThreadPoolExecutor$Worker.run(ThreadPoolExecutor.java:614)
	at java.base/java.lang.Thread.run(Thread.java:1474)
Caused by: org.openqa.selenium.TimeoutException: java.util.concurrent.TimeoutException
Build info: version: '4.38.0', revision: '6b412e825c*'
System info: os.name: 'Windows 10', os.arch: 'amd64', os.version: '10.0', java.version: '25'
Driver info: driver.version: RemoteWebDriver
	at org.openqa.selenium.remote.http.jdk.JdkHttpClient.execute(JdkHttpClient.java:427)
	at org.openqa.selenium.remote.tracing.TracedHttpClient.execute(TracedHttpClient.java:54)
	at org.openqa.selenium.remote.ProtocolHandshake.createSession(ProtocolHandshake.java:89)
	at org.openqa.selenium.remote.ProtocolHandshake.createSession(ProtocolHandshake.java:75)
	at org.openqa.selenium.remote.ProtocolHandshake.createSession(ProtocolHandshake.java:61)
	at org.openqa.selenium.remote.HttpCommandExecutor.execute(HttpCommandExecutor.java:187)
	at org.openqa.selenium.remote.TracedCommandExecutor.execute(TracedCommandExecutor.java:53)
	at org.openqa.selenium.remote.RemoteWebDriver.execute(RemoteWebDriver.java:557)
	... 23 more
Caused by: java.util.concurrent.TimeoutException
	at java.base/java.util.concurrent.CompletableFuture$Timeout.run(CompletableFuture.java:2828)
	at java.base/java.util.concurrent.DelayScheduler$ScheduledForkJoinTask.compute(DelayScheduler.java:510)
	at java.base/java.util.concurrent.ForkJoinTask$InterruptibleTask.exec(ForkJoinTask.java:1659)
	at java.base/java.util.concurrent.ForkJoinTask.doExec(ForkJoinTask.java:511)
	at java.base/java.util.concurrent.DelayScheduler.loop(DelayScheduler.java:325)
	at java.base/java.util.concurrent.DelayScheduler.run(DelayScheduler.java:221)
2025-12-08 04:45:40,978 DEBUG org.testng.TestNG - suiteXmlPath: "E:\Automation\eclipse-workspace\hybrid-automation-framework\crossbrowser.xml"
2025-12-08 04:45:41,345 INFO  org.testng.internal.Utils - [TestNG] Running:
  E:\Automation\eclipse-workspace\hybrid-automation-framework\crossbrowser.xml

2025-12-08 04:45:41,548 INFO  com.framework.driver.DriverFactory - Initializing remote driver for browser: firefox on OS: Linux
2025-12-08 04:45:41,668 INFO  com.framework.driver.DriverFactory - Initializing remote driver for browser: chrome on OS: Linux
2025-12-08 04:48:42,284 ERROR com.framework.driver.DriverFactory - Failed to initialize remote WebDriver for chrome on Linux
org.openqa.selenium.SessionNotCreatedException: Could not start a new session. Possible causes are invalid address of the remote server or browser start-up failure. null 
Host info: host: 'BLRLPT41', ip: '192.168.0.4'
	at org.openqa.selenium.remote.RemoteWebDriver.execute(RemoteWebDriver.java:578)
	at org.openqa.selenium.remote.RemoteWebDriver.startSession(RemoteWebDriver.java:246)
	at org.openqa.selenium.remote.RemoteWebDriver.<init>(RemoteWebDriver.java:174)
	at org.openqa.selenium.remote.RemoteWebDriver.<init>(RemoteWebDriver.java:152)
	at com.framework.driver.DriverFactory.initRemoteDriver(DriverFactory.java:96)
	at com.framework.base.BaseClass.setup(BaseClass.java:54)
	at java.base/jdk.internal.reflect.DirectMethodHandleAccessor.invoke(DirectMethodHandleAccessor.java:104)
	at java.base/java.lang.reflect.Method.invoke(Method.java:565)
	at org.testng.internal.invokers.MethodInvocationHelper.invokeMethod(MethodInvocationHelper.java:141)
	at org.testng.internal.invokers.MethodInvocationHelper.invokeMethodConsideringTimeout(MethodInvocationHelper.java:71)
	at org.testng.internal.invokers.ConfigInvoker.invokeConfigurationMethod(ConfigInvoker.java:400)
	at org.testng.internal.invokers.ConfigInvoker.invokeConfigurations(ConfigInvoker.java:333)
	at org.testng.internal.invokers.TestMethodWorker.invokeBeforeClassMethods(TestMethodWorker.java:188)
	at org.testng.internal.invokers.TestMethodWorker.run(TestMethodWorker.java:128)
	at java.base/java.util.ArrayList.forEach(ArrayList.java:1604)
	at org.testng.TestRunner.privateRun(TestRunner.java:741)
	at org.testng.TestRunner.run(TestRunner.java:616)
	at org.testng.SuiteRunner.runTest(SuiteRunner.java:421)
	at org.testng.SuiteRunner$SuiteWorker.run(SuiteRunner.java:463)
	at org.testng.internal.thread.ThreadUtil.lambda$execute$0(ThreadUtil.java:64)
	at java.base/java.util.concurrent.FutureTask.run(FutureTask.java:328)
	at java.base/java.util.concurrent.ThreadPoolExecutor.runWorker(ThreadPoolExecutor.java:1090)
	at java.base/java.util.concurrent.ThreadPoolExecutor$Worker.run(ThreadPoolExecutor.java:614)
	at java.base/java.lang.Thread.run(Thread.java:1474)
Caused by: org.openqa.selenium.TimeoutException: java.util.concurrent.TimeoutException
Build info: version: '4.38.0', revision: '6b412e825c*'
System info: os.name: 'Windows 10', os.arch: 'amd64', os.version: '10.0', java.version: '25'
Driver info: driver.version: RemoteWebDriver
	at org.openqa.selenium.remote.http.jdk.JdkHttpClient.execute(JdkHttpClient.java:427)
	at org.openqa.selenium.remote.tracing.TracedHttpClient.execute(TracedHttpClient.java:54)
	at org.openqa.selenium.remote.ProtocolHandshake.createSession(ProtocolHandshake.java:89)
	at org.openqa.selenium.remote.ProtocolHandshake.createSession(ProtocolHandshake.java:75)
	at org.openqa.selenium.remote.ProtocolHandshake.createSession(ProtocolHandshake.java:61)
	at org.openqa.selenium.remote.HttpCommandExecutor.execute(HttpCommandExecutor.java:187)
	at org.openqa.selenium.remote.TracedCommandExecutor.execute(TracedCommandExecutor.java:53)
	at org.openqa.selenium.remote.RemoteWebDriver.execute(RemoteWebDriver.java:557)
	... 23 more
Caused by: java.util.concurrent.TimeoutException
	at java.base/java.util.concurrent.CompletableFuture$Timeout.run(CompletableFuture.java:2828)
	at java.base/java.util.concurrent.DelayScheduler$ScheduledForkJoinTask.compute(DelayScheduler.java:510)
	at java.base/java.util.concurrent.ForkJoinTask$InterruptibleTask.exec(ForkJoinTask.java:1659)
	at java.base/java.util.concurrent.ForkJoinTask.doExec(ForkJoinTask.java:511)
	at java.base/java.util.concurrent.DelayScheduler.loop(DelayScheduler.java:325)
	at java.base/java.util.concurrent.DelayScheduler.run(DelayScheduler.java:221)
2025-12-08 04:48:42,284 ERROR com.framework.driver.DriverFactory - Failed to initialize remote WebDriver for firefox on Linux
org.openqa.selenium.SessionNotCreatedException: Could not start a new session. Possible causes are invalid address of the remote server or browser start-up failure. null 
Host info: host: 'BLRLPT41', ip: '192.168.0.4'
	at org.openqa.selenium.remote.RemoteWebDriver.execute(RemoteWebDriver.java:578)
	at org.openqa.selenium.remote.RemoteWebDriver.startSession(RemoteWebDriver.java:246)
	at org.openqa.selenium.remote.RemoteWebDriver.<init>(RemoteWebDriver.java:174)
	at org.openqa.selenium.remote.RemoteWebDriver.<init>(RemoteWebDriver.java:152)
	at com.framework.driver.DriverFactory.initRemoteDriver(DriverFactory.java:105)
	at com.framework.base.BaseClass.setup(BaseClass.java:54)
	at java.base/jdk.internal.reflect.DirectMethodHandleAccessor.invoke(DirectMethodHandleAccessor.java:104)
	at java.base/java.lang.reflect.Method.invoke(Method.java:565)
	at org.testng.internal.invokers.MethodInvocationHelper.invokeMethod(MethodInvocationHelper.java:141)
	at org.testng.internal.invokers.MethodInvocationHelper.invokeMethodConsideringTimeout(MethodInvocationHelper.java:71)
	at org.testng.internal.invokers.ConfigInvoker.invokeConfigurationMethod(ConfigInvoker.java:400)
	at org.testng.internal.invokers.ConfigInvoker.invokeConfigurations(ConfigInvoker.java:333)
	at org.testng.internal.invokers.TestMethodWorker.invokeBeforeClassMethods(TestMethodWorker.java:188)
	at org.testng.internal.invokers.TestMethodWorker.run(TestMethodWorker.java:128)
	at java.base/java.util.ArrayList.forEach(ArrayList.java:1604)
	at org.testng.TestRunner.privateRun(TestRunner.java:741)
	at org.testng.TestRunner.run(TestRunner.java:616)
	at org.testng.SuiteRunner.runTest(SuiteRunner.java:421)
	at org.testng.SuiteRunner$SuiteWorker.run(SuiteRunner.java:463)
	at org.testng.internal.thread.ThreadUtil.lambda$execute$0(ThreadUtil.java:64)
	at java.base/java.util.concurrent.FutureTask.run(FutureTask.java:328)
	at java.base/java.util.concurrent.ThreadPoolExecutor.runWorker(ThreadPoolExecutor.java:1090)
	at java.base/java.util.concurrent.ThreadPoolExecutor$Worker.run(ThreadPoolExecutor.java:614)
	at java.base/java.lang.Thread.run(Thread.java:1474)
Caused by: org.openqa.selenium.TimeoutException: java.util.concurrent.TimeoutException
Build info: version: '4.38.0', revision: '6b412e825c*'
System info: os.name: 'Windows 10', os.arch: 'amd64', os.version: '10.0', java.version: '25'
Driver info: driver.version: RemoteWebDriver
	at org.openqa.selenium.remote.http.jdk.JdkHttpClient.execute(JdkHttpClient.java:427)
	at org.openqa.selenium.remote.tracing.TracedHttpClient.execute(TracedHttpClient.java:54)
	at org.openqa.selenium.remote.ProtocolHandshake.createSession(ProtocolHandshake.java:89)
	at org.openqa.selenium.remote.ProtocolHandshake.createSession(ProtocolHandshake.java:75)
	at org.openqa.selenium.remote.ProtocolHandshake.createSession(ProtocolHandshake.java:61)
	at org.openqa.selenium.remote.HttpCommandExecutor.execute(HttpCommandExecutor.java:187)
	at org.openqa.selenium.remote.TracedCommandExecutor.execute(TracedCommandExecutor.java:53)
	at org.openqa.selenium.remote.RemoteWebDriver.execute(RemoteWebDriver.java:557)
	... 23 more
Caused by: java.util.concurrent.TimeoutException
	at java.base/java.util.concurrent.CompletableFuture$Timeout.run(CompletableFuture.java:2828)
	at java.base/java.util.concurrent.DelayScheduler$ScheduledForkJoinTask.compute(DelayScheduler.java:510)
	at java.base/java.util.concurrent.ForkJoinTask$InterruptibleTask.exec(ForkJoinTask.java:1659)
	at java.base/java.util.concurrent.ForkJoinTask.doExec(ForkJoinTask.java:511)
	at java.base/java.util.concurrent.DelayScheduler.loop(DelayScheduler.java:325)
	at java.base/java.util.concurrent.DelayScheduler.run(DelayScheduler.java:221)
2025-12-08 04:48:42,463 INFO  com.framework.driver.DriverFactory - Initializing remote driver for browser: firefox on OS: Linux
2025-12-08 04:48:42,472 INFO  com.framework.driver.DriverFactory - Initializing remote driver for browser: chrome on OS: Linux
2025-12-08 04:51:42,491 ERROR com.framework.driver.DriverFactory - Failed to initialize remote WebDriver for chrome on Linux
org.openqa.selenium.SessionNotCreatedException: Could not start a new session. Possible causes are invalid address of the remote server or browser start-up failure. null 
Host info: host: 'BLRLPT41', ip: '192.168.0.4'
	at org.openqa.selenium.remote.RemoteWebDriver.execute(RemoteWebDriver.java:578)
	at org.openqa.selenium.remote.RemoteWebDriver.startSession(RemoteWebDriver.java:246)
	at org.openqa.selenium.remote.RemoteWebDriver.<init>(RemoteWebDriver.java:174)
	at org.openqa.selenium.remote.RemoteWebDriver.<init>(RemoteWebDriver.java:152)
	at com.framework.driver.DriverFactory.initRemoteDriver(DriverFactory.java:96)
	at com.framework.base.BaseClass.setup(BaseClass.java:54)
	at java.base/jdk.internal.reflect.DirectMethodHandleAccessor.invoke(DirectMethodHandleAccessor.java:104)
	at java.base/java.lang.reflect.Method.invoke(Method.java:565)
	at org.testng.internal.invokers.MethodInvocationHelper.invokeMethod(MethodInvocationHelper.java:141)
	at org.testng.internal.invokers.MethodInvocationHelper.invokeMethodConsideringTimeout(MethodInvocationHelper.java:71)
	at org.testng.internal.invokers.ConfigInvoker.invokeConfigurationMethod(ConfigInvoker.java:400)
	at org.testng.internal.invokers.ConfigInvoker.invokeConfigurations(ConfigInvoker.java:333)
	at org.testng.internal.invokers.TestMethodWorker.invokeBeforeClassMethods(TestMethodWorker.java:188)
	at org.testng.internal.invokers.TestMethodWorker.run(TestMethodWorker.java:128)
	at java.base/java.util.ArrayList.forEach(ArrayList.java:1604)
	at org.testng.TestRunner.privateRun(TestRunner.java:741)
	at org.testng.TestRunner.run(TestRunner.java:616)
	at org.testng.SuiteRunner.runTest(SuiteRunner.java:421)
	at org.testng.SuiteRunner$SuiteWorker.run(SuiteRunner.java:463)
	at org.testng.internal.thread.ThreadUtil.lambda$execute$0(ThreadUtil.java:64)
	at java.base/java.util.concurrent.FutureTask.run(FutureTask.java:328)
	at java.base/java.util.concurrent.ThreadPoolExecutor.runWorker(ThreadPoolExecutor.java:1090)
	at java.base/java.util.concurrent.ThreadPoolExecutor$Worker.run(ThreadPoolExecutor.java:614)
	at java.base/java.lang.Thread.run(Thread.java:1474)
Caused by: org.openqa.selenium.TimeoutException: java.util.concurrent.TimeoutException
Build info: version: '4.38.0', revision: '6b412e825c*'
System info: os.name: 'Windows 10', os.arch: 'amd64', os.version: '10.0', java.version: '25'
Driver info: driver.version: RemoteWebDriver
	at org.openqa.selenium.remote.http.jdk.JdkHttpClient.execute(JdkHttpClient.java:427)
	at org.openqa.selenium.remote.tracing.TracedHttpClient.execute(TracedHttpClient.java:54)
	at org.openqa.selenium.remote.ProtocolHandshake.createSession(ProtocolHandshake.java:89)
	at org.openqa.selenium.remote.ProtocolHandshake.createSession(ProtocolHandshake.java:75)
	at org.openqa.selenium.remote.ProtocolHandshake.createSession(ProtocolHandshake.java:61)
	at org.openqa.selenium.remote.HttpCommandExecutor.execute(HttpCommandExecutor.java:187)
	at org.openqa.selenium.remote.TracedCommandExecutor.execute(TracedCommandExecutor.java:53)
	at org.openqa.selenium.remote.RemoteWebDriver.execute(RemoteWebDriver.java:557)
	... 23 more
Caused by: java.util.concurrent.TimeoutException
	at java.base/java.util.concurrent.CompletableFuture$Timeout.run(CompletableFuture.java:2828)
	at java.base/java.util.concurrent.DelayScheduler$ScheduledForkJoinTask.compute(DelayScheduler.java:510)
	at java.base/java.util.concurrent.ForkJoinTask$InterruptibleTask.exec(ForkJoinTask.java:1659)
	at java.base/java.util.concurrent.ForkJoinTask.doExec(ForkJoinTask.java:511)
	at java.base/java.util.concurrent.DelayScheduler.loop(DelayScheduler.java:325)
	at java.base/java.util.concurrent.DelayScheduler.run(DelayScheduler.java:221)
2025-12-08 04:51:42,509 ERROR com.framework.driver.DriverFactory - Failed to initialize remote WebDriver for firefox on Linux
org.openqa.selenium.SessionNotCreatedException: Could not start a new session. Possible causes are invalid address of the remote server or browser start-up failure. null 
Host info: host: 'BLRLPT41', ip: '192.168.0.4'
	at org.openqa.selenium.remote.RemoteWebDriver.execute(RemoteWebDriver.java:578)
	at org.openqa.selenium.remote.RemoteWebDriver.startSession(RemoteWebDriver.java:246)
	at org.openqa.selenium.remote.RemoteWebDriver.<init>(RemoteWebDriver.java:174)
	at org.openqa.selenium.remote.RemoteWebDriver.<init>(RemoteWebDriver.java:152)
	at com.framework.driver.DriverFactory.initRemoteDriver(DriverFactory.java:105)
	at com.framework.base.BaseClass.setup(BaseClass.java:54)
	at java.base/jdk.internal.reflect.DirectMethodHandleAccessor.invoke(DirectMethodHandleAccessor.java:104)
	at java.base/java.lang.reflect.Method.invoke(Method.java:565)
	at org.testng.internal.invokers.MethodInvocationHelper.invokeMethod(MethodInvocationHelper.java:141)
	at org.testng.internal.invokers.MethodInvocationHelper.invokeMethodConsideringTimeout(MethodInvocationHelper.java:71)
	at org.testng.internal.invokers.ConfigInvoker.invokeConfigurationMethod(ConfigInvoker.java:400)
	at org.testng.internal.invokers.ConfigInvoker.invokeConfigurations(ConfigInvoker.java:333)
	at org.testng.internal.invokers.TestMethodWorker.invokeBeforeClassMethods(TestMethodWorker.java:188)
	at org.testng.internal.invokers.TestMethodWorker.run(TestMethodWorker.java:128)
	at java.base/java.util.ArrayList.forEach(ArrayList.java:1604)
	at org.testng.TestRunner.privateRun(TestRunner.java:741)
	at org.testng.TestRunner.run(TestRunner.java:616)
	at org.testng.SuiteRunner.runTest(SuiteRunner.java:421)
	at org.testng.SuiteRunner$SuiteWorker.run(SuiteRunner.java:463)
	at org.testng.internal.thread.ThreadUtil.lambda$execute$0(ThreadUtil.java:64)
	at java.base/java.util.concurrent.FutureTask.run(FutureTask.java:328)
	at java.base/java.util.concurrent.ThreadPoolExecutor.runWorker(ThreadPoolExecutor.java:1090)
	at java.base/java.util.concurrent.ThreadPoolExecutor$Worker.run(ThreadPoolExecutor.java:614)
	at java.base/java.lang.Thread.run(Thread.java:1474)
Caused by: org.openqa.selenium.TimeoutException: java.util.concurrent.TimeoutException
Build info: version: '4.38.0', revision: '6b412e825c*'
System info: os.name: 'Windows 10', os.arch: 'amd64', os.version: '10.0', java.version: '25'
Driver info: driver.version: RemoteWebDriver
	at org.openqa.selenium.remote.http.jdk.JdkHttpClient.execute(JdkHttpClient.java:427)
	at org.openqa.selenium.remote.tracing.TracedHttpClient.execute(TracedHttpClient.java:54)
	at org.openqa.selenium.remote.ProtocolHandshake.createSession(ProtocolHandshake.java:89)
	at org.openqa.selenium.remote.ProtocolHandshake.createSession(ProtocolHandshake.java:75)
	at org.openqa.selenium.remote.ProtocolHandshake.createSession(ProtocolHandshake.java:61)
	at org.openqa.selenium.remote.HttpCommandExecutor.execute(HttpCommandExecutor.java:187)
	at org.openqa.selenium.remote.TracedCommandExecutor.execute(TracedCommandExecutor.java:53)
	at org.openqa.selenium.remote.RemoteWebDriver.execute(RemoteWebDriver.java:557)
	... 23 more
Caused by: java.util.concurrent.TimeoutException
	at java.base/java.util.concurrent.CompletableFuture$Timeout.run(CompletableFuture.java:2828)
	at java.base/java.util.concurrent.DelayScheduler$ScheduledForkJoinTask.compute(DelayScheduler.java:510)
	at java.base/java.util.concurrent.ForkJoinTask$InterruptibleTask.exec(ForkJoinTask.java:1659)
	at java.base/java.util.concurrent.ForkJoinTask.doExec(ForkJoinTask.java:511)
	at java.base/java.util.concurrent.DelayScheduler.loop(DelayScheduler.java:325)
	at java.base/java.util.concurrent.DelayScheduler.run(DelayScheduler.java:221)
2025-12-08 05:30:41,533 DEBUG org.testng.TestNG - suiteXmlPath: "E:\Automation\eclipse-workspace\hybrid-automation-framework\crossbrowser.xml"
2025-12-08 05:31:10,827 DEBUG org.testng.TestNG - suiteXmlPath: "E:\Automation\eclipse-workspace\hybrid-automation-framework\crossbrowser.xml"
2025-12-08 05:31:54,849 DEBUG org.testng.TestNG - suiteXmlPath: "E:\Automation\eclipse-workspace\hybrid-automation-framework\crossbrowser.xml"
2025-12-08 05:31:55,234 INFO  org.testng.internal.Utils - [TestNG] Running:
  E:\Automation\eclipse-workspace\hybrid-automation-framework\crossbrowser.xml

2025-12-08 05:31:55,622 INFO  com.framework.tests.TC001_RegisterAccountTest - Execution Environment: local
2025-12-08 05:31:55,622 INFO  com.framework.tests.TC001_RegisterAccountTest - Execution Environment: local
2025-12-08 05:31:55,622 INFO  com.framework.tests.TC001_RegisterAccountTest - Browser: edge
2025-12-08 05:31:55,622 INFO  com.framework.tests.TC001_RegisterAccountTest - Browser: chrome
2025-12-08 05:31:55,622 INFO  com.framework.tests.TC001_RegisterAccountTest - OS: WIN10
2025-12-08 05:31:55,623 INFO  com.framework.tests.TC001_RegisterAccountTest - OS: WIN10
2025-12-08 05:31:55,624 INFO  com.framework.driver.DriverFactory - Initializing LOCAL driver for browser: edge
2025-12-08 05:31:55,624 INFO  com.framework.driver.DriverFactory - Initializing LOCAL driver for browser: chrome
2025-12-08 05:32:02,509 INFO  com.framework.tests.TC001_RegisterAccountTest - Navigated to URL: https://tutorialsninja.com/demo/
2025-12-08 05:32:02,571 INFO  com.framework.tests.TC001_RegisterAccountTest - ===== Starting Register Account Test =====
2025-12-08 05:32:02,697 INFO  com.framework.tests.TC001_RegisterAccountTest - Navigating to My Account
2025-12-08 05:32:03,177 INFO  com.framework.tests.TC001_RegisterAccountTest - Clicking on Register
2025-12-08 05:32:03,418 INFO  com.framework.tests.TC001_RegisterAccountTest - Navigated to URL: https://tutorialsninja.com/demo/
2025-12-08 05:32:03,431 INFO  com.framework.tests.TC001_RegisterAccountTest - ===== Starting Register Account Test =====
2025-12-08 05:32:03,431 INFO  com.framework.tests.TC001_RegisterAccountTest - Navigating to My Account
2025-12-08 05:32:03,743 INFO  com.framework.tests.TC001_RegisterAccountTest - Clicking on Register
2025-12-08 05:32:04,010 INFO  com.framework.tests.TC001_RegisterAccountTest - Entering First Name: BOJEEBW
2025-12-08 05:32:04,298 INFO  com.framework.tests.TC001_RegisterAccountTest - Entering First Name: RXBLHMZ
2025-12-08 05:32:04,302 INFO  com.framework.tests.TC001_RegisterAccountTest - Entering Last Name: SMZHPLD
2025-12-08 05:32:04,580 INFO  com.framework.tests.TC001_RegisterAccountTest - Entering Last Name: ASCOSFL
2025-12-08 05:32:04,664 INFO  com.framework.tests.TC001_RegisterAccountTest - Entering Email: UTaPtVt0K@gmail.com
2025-12-08 05:32:04,745 INFO  com.framework.tests.TC001_RegisterAccountTest - Entering Email: uKXlQGGy6@gmail.com
2025-12-08 05:32:04,917 INFO  com.framework.tests.TC001_RegisterAccountTest - Entering Phone: 7934975775
2025-12-08 05:32:04,933 INFO  com.framework.tests.TC001_RegisterAccountTest - Entering Phone: 1128893372
2025-12-08 05:32:05,054 DEBUG com.framework.tests.TC001_RegisterAccountTest - Generated Password: iQPDDueh4
2025-12-08 05:32:05,100 DEBUG com.framework.tests.TC001_RegisterAccountTest - Generated Password: JefxnIcUA
2025-12-08 05:32:05,416 INFO  com.framework.tests.TC001_RegisterAccountTest - Accepting privacy policy
2025-12-08 05:32:05,501 INFO  com.framework.tests.TC001_RegisterAccountTest - Accepting privacy policy
2025-12-08 05:32:05,555 INFO  com.framework.tests.TC001_RegisterAccountTest - Clicking on Continue button
2025-12-08 05:32:05,684 INFO  com.framework.tests.TC001_RegisterAccountTest - Clicking on Continue button
2025-12-08 05:32:07,298 INFO  com.framework.tests.TC001_RegisterAccountTest - Confirmation Message Received: Your Account Has Been Created!
2025-12-08 05:32:07,395 INFO  com.framework.tests.TC001_RegisterAccountTest - Account creation test PASSED
2025-12-08 05:32:07,396 INFO  com.framework.tests.TC001_RegisterAccountTest - ===== Register Account Test Completed =====
2025-12-08 05:32:07,470 INFO  com.framework.tests.TC001_RegisterAccountTest - Closing WebDriver
2025-12-08 05:32:07,764 INFO  com.framework.tests.TC001_RegisterAccountTest - Confirmation Message Received: Your Account Has Been Created!
2025-12-08 05:32:07,764 INFO  com.framework.tests.TC001_RegisterAccountTest - Account creation test PASSED
2025-12-08 05:32:07,765 INFO  com.framework.tests.TC001_RegisterAccountTest - ===== Register Account Test Completed =====
2025-12-08 05:32:07,770 INFO  com.framework.tests.TC001_RegisterAccountTest - Closing WebDriver
2025-12-08 05:32:08,102 INFO  com.framework.tests.TC002_LoginTest - Execution Environment: local
2025-12-08 05:32:08,102 INFO  com.framework.tests.TC002_LoginTest - Browser: chrome
2025-12-08 05:32:08,102 INFO  com.framework.tests.TC002_LoginTest - OS: WIN10
2025-12-08 05:32:08,102 INFO  com.framework.driver.DriverFactory - Initializing LOCAL driver for browser: chrome
2025-12-08 05:32:08,156 INFO  com.framework.tests.TC002_LoginTest - Execution Environment: local
2025-12-08 05:32:08,156 INFO  com.framework.tests.TC002_LoginTest - Browser: edge
2025-12-08 05:32:08,157 INFO  com.framework.tests.TC002_LoginTest - OS: WIN10
2025-12-08 05:32:08,157 INFO  com.framework.driver.DriverFactory - Initializing LOCAL driver for browser: edge
2025-12-08 05:32:12,027 INFO  com.framework.tests.TC002_LoginTest - Navigated to URL: https://tutorialsninja.com/demo/
2025-12-08 05:32:12,034 INFO  com.framework.tests.TC002_LoginTest - ===== Starting Login Test =====
2025-12-08 05:32:12,035 INFO  com.framework.tests.TC002_LoginTest - Navigating to My Account
2025-12-08 05:32:12,305 INFO  com.framework.tests.TC002_LoginTest - Navigated to URL: https://tutorialsninja.com/demo/
2025-12-08 05:32:12,308 INFO  com.framework.tests.TC002_LoginTest - Clicking on login
2025-12-08 05:32:12,313 INFO  com.framework.tests.TC002_LoginTest - ===== Starting Login Test =====
2025-12-08 05:32:12,314 INFO  com.framework.tests.TC002_LoginTest - Navigating to My Account
2025-12-08 05:32:12,605 INFO  com.framework.tests.TC002_LoginTest - Clicking on login
2025-12-08 05:32:12,917 INFO  com.framework.tests.TC002_LoginTest - Entering UserEmail: piwene6598@badfist.com
2025-12-08 05:32:13,054 INFO  com.framework.tests.TC002_LoginTest - Entering UserEmail: piwene6598@badfist.com
2025-12-08 05:32:13,133 INFO  com.framework.tests.TC002_LoginTest - Entering UserEmail: Qaz@123
2025-12-08 05:32:13,299 INFO  com.framework.tests.TC002_LoginTest - Clicking on login button
2025-12-08 05:32:13,312 INFO  com.framework.tests.TC002_LoginTest - Entering UserEmail: Qaz@123
2025-12-08 05:32:13,451 INFO  com.framework.tests.TC002_LoginTest - Clicking on login button
2025-12-08 05:32:13,633 INFO  com.framework.tests.TC002_LoginTest - Checking if target page found!
2025-12-08 05:32:14,422 INFO  com.framework.tests.TC002_LoginTest - Checking if target page found!
2025-12-08 05:32:14,476 INFO  com.framework.tests.TC002_LoginTest - ===== Login Test Completed =====
2025-12-08 05:32:14,479 INFO  com.framework.tests.TC002_LoginTest - Closing WebDriver
2025-12-08 05:32:14,732 INFO  com.framework.tests.TC002_LoginTest - ===== Login Test Completed =====
2025-12-08 05:32:14,734 INFO  com.framework.tests.TC002_LoginTest - Closing WebDriver
2025-12-08 05:57:24,956 DEBUG org.testng.TestNG - suiteXmlPath: "E:\Automation\eclipse-workspace\hybrid-automation-framework\master.xml"
2025-12-08 05:57:25,343 INFO  org.testng.internal.Utils - [TestNG] Running:
  E:\Automation\eclipse-workspace\hybrid-automation-framework\master.xml

2025-12-08 05:57:25,664 INFO  com.framework.tests.TC001_RegisterAccountTest - Execution Environment: local
2025-12-08 05:57:25,664 INFO  com.framework.tests.TC001_RegisterAccountTest - Browser: edge
2025-12-08 05:57:25,664 INFO  com.framework.tests.TC001_RegisterAccountTest - OS: WIN10
2025-12-08 05:57:25,666 INFO  com.framework.driver.DriverFactory - Initializing LOCAL driver for browser: edge
2025-12-08 05:57:37,198 INFO  com.framework.tests.TC001_RegisterAccountTest - Navigated to URL: https://tutorialsninja.com/demo/
2025-12-08 05:57:37,332 INFO  com.framework.tests.TC001_RegisterAccountTest - ===== Starting Register Account Test =====
2025-12-08 05:57:37,355 INFO  com.framework.tests.TC001_RegisterAccountTest - Navigating to My Account
2025-12-08 05:57:37,601 INFO  com.framework.tests.TC001_RegisterAccountTest - Clicking on Register
2025-12-08 05:57:40,377 INFO  com.framework.tests.TC001_RegisterAccountTest - Entering First Name: BMXHAZR
2025-12-08 05:57:40,498 INFO  com.framework.tests.TC001_RegisterAccountTest - Entering Last Name: FOVQUPL
2025-12-08 05:57:40,620 INFO  com.framework.tests.TC001_RegisterAccountTest - Entering Email: LlkCN4tst@gmail.com
2025-12-08 05:57:40,727 INFO  com.framework.tests.TC001_RegisterAccountTest - Entering Phone: 7371856859
2025-12-08 05:57:40,817 DEBUG com.framework.tests.TC001_RegisterAccountTest - Generated Password: Gp7GY3RUK
2025-12-08 05:57:41,022 INFO  com.framework.tests.TC001_RegisterAccountTest - Accepting privacy policy
2025-12-08 05:57:41,117 INFO  com.framework.tests.TC001_RegisterAccountTest - Clicking on Continue button
2025-12-08 05:57:42,287 INFO  com.framework.tests.TC001_RegisterAccountTest - Confirmation Message Received: Your Account Has Been Created!
2025-12-08 05:57:42,312 INFO  com.framework.tests.TC001_RegisterAccountTest - Account creation test PASSED
2025-12-08 05:57:42,313 INFO  com.framework.tests.TC001_RegisterAccountTest - ===== Register Account Test Completed =====
2025-12-08 05:57:42,346 INFO  com.framework.tests.TC001_RegisterAccountTest - Closing WebDriver
2025-12-08 05:57:42,633 INFO  com.framework.tests.TC002_LoginTest - Execution Environment: local
2025-12-08 05:57:42,634 INFO  com.framework.tests.TC002_LoginTest - Browser: edge
2025-12-08 05:57:42,634 INFO  com.framework.tests.TC002_LoginTest - OS: WIN10
2025-12-08 05:57:42,634 INFO  com.framework.driver.DriverFactory - Initializing LOCAL driver for browser: edge
2025-12-08 05:57:49,508 INFO  com.framework.tests.TC002_LoginTest - Navigated to URL: https://tutorialsninja.com/demo/
2025-12-08 05:57:49,512 INFO  com.framework.tests.TC002_LoginTest - ===== Starting Login Test =====
2025-12-08 05:57:49,512 INFO  com.framework.tests.TC002_LoginTest - Navigating to My Account
2025-12-08 05:57:49,729 INFO  com.framework.tests.TC002_LoginTest - Clicking on login
2025-12-08 05:57:50,150 INFO  com.framework.tests.TC002_LoginTest - Entering UserEmail: piwene6598@badfist.com
2025-12-08 05:57:50,352 INFO  com.framework.tests.TC002_LoginTest - Entering UserEmail: Qaz@123
2025-12-08 05:57:50,450 INFO  com.framework.tests.TC002_LoginTest - Clicking on login button
2025-12-08 05:57:50,555 INFO  com.framework.tests.TC002_LoginTest - Checking if target page found!
2025-12-08 05:57:51,313 INFO  com.framework.tests.TC002_LoginTest - ===== Login Test Completed =====
2025-12-08 05:57:51,317 INFO  com.framework.tests.TC002_LoginTest - Closing WebDriver
2025-12-08 05:57:51,631 INFO  com.framework.tests.TC003_LoginDDTest - Execution Environment: local
2025-12-08 05:57:51,631 INFO  com.framework.tests.TC003_LoginDDTest - Browser: edge
2025-12-08 05:57:51,631 INFO  com.framework.tests.TC003_LoginDDTest - OS: WIN10
2025-12-08 05:57:51,631 INFO  com.framework.driver.DriverFactory - Initializing LOCAL driver for browser: edge
2025-12-08 05:58:03,504 INFO  com.framework.tests.TC003_LoginDDTest - Navigated to URL: https://tutorialsninja.com/demo/
2025-12-08 05:58:03,900 DEBUG org.apache.poi.openxml4j.opc.PackageRelationshipCollection - Parsing relationship: /xl/_rels/workbook.xml.rels
2025-12-08 05:58:03,904 DEBUG org.apache.poi.openxml4j.opc.PackageRelationshipCollection - Parsing relationship: /xl/worksheets/_rels/sheet3.xml.rels
2025-12-08 05:58:03,906 DEBUG org.apache.poi.openxml4j.opc.PackageRelationshipCollection - Parsing relationship: /_rels/.rels
2025-12-08 05:58:04,532 DEBUG org.apache.poi.ooxml.POIXMLFactory - using default POIXMLDocumentPart for http://schemas.openxmlformats.org/officeDocument/2006/relationships/printerSettings
2025-12-08 05:58:04,685 DEBUG org.apache.poi.openxml4j.opc.PackageRelationshipCollection - Parsing relationship: /xl/_rels/workbook.xml.rels
2025-12-08 05:58:04,687 DEBUG org.apache.poi.openxml4j.opc.PackageRelationshipCollection - Parsing relationship: /xl/worksheets/_rels/sheet3.xml.rels
2025-12-08 05:58:04,694 DEBUG org.apache.poi.openxml4j.opc.PackageRelationshipCollection - Parsing relationship: /_rels/.rels
2025-12-08 05:58:04,731 DEBUG org.apache.poi.ooxml.POIXMLFactory - using default POIXMLDocumentPart for http://schemas.openxmlformats.org/officeDocument/2006/relationships/printerSettings
2025-12-08 05:58:04,781 DEBUG org.apache.poi.openxml4j.opc.PackageRelationshipCollection - Parsing relationship: /xl/_rels/workbook.xml.rels
2025-12-08 05:58:04,783 DEBUG org.apache.poi.openxml4j.opc.PackageRelationshipCollection - Parsing relationship: /xl/worksheets/_rels/sheet3.xml.rels
2025-12-08 05:58:04,785 DEBUG org.apache.poi.openxml4j.opc.PackageRelationshipCollection - Parsing relationship: /_rels/.rels
2025-12-08 05:58:04,805 DEBUG org.apache.poi.ooxml.POIXMLFactory - using default POIXMLDocumentPart for http://schemas.openxmlformats.org/officeDocument/2006/relationships/printerSettings
2025-12-08 05:58:04,855 DEBUG org.apache.poi.openxml4j.opc.PackageRelationshipCollection - Parsing relationship: /xl/_rels/workbook.xml.rels
2025-12-08 05:58:04,857 DEBUG org.apache.poi.openxml4j.opc.PackageRelationshipCollection - Parsing relationship: /xl/worksheets/_rels/sheet3.xml.rels
2025-12-08 05:58:04,858 DEBUG org.apache.poi.openxml4j.opc.PackageRelationshipCollection - Parsing relationship: /_rels/.rels
2025-12-08 05:58:04,878 DEBUG org.apache.poi.ooxml.POIXMLFactory - using default POIXMLDocumentPart for http://schemas.openxmlformats.org/officeDocument/2006/relationships/printerSettings
2025-12-08 05:58:04,917 DEBUG org.apache.poi.openxml4j.opc.PackageRelationshipCollection - Parsing relationship: /xl/_rels/workbook.xml.rels
2025-12-08 05:58:04,919 DEBUG org.apache.poi.openxml4j.opc.PackageRelationshipCollection - Parsing relationship: /xl/worksheets/_rels/sheet3.xml.rels
2025-12-08 05:58:04,920 DEBUG org.apache.poi.openxml4j.opc.PackageRelationshipCollection - Parsing relationship: /_rels/.rels
2025-12-08 05:58:04,965 DEBUG org.apache.poi.ooxml.POIXMLFactory - using default POIXMLDocumentPart for http://schemas.openxmlformats.org/officeDocument/2006/relationships/printerSettings
2025-12-08 05:58:05,060 DEBUG org.apache.poi.openxml4j.opc.PackageRelationshipCollection - Parsing relationship: /xl/_rels/workbook.xml.rels
2025-12-08 05:58:05,072 DEBUG org.apache.poi.openxml4j.opc.PackageRelationshipCollection - Parsing relationship: /xl/worksheets/_rels/sheet3.xml.rels
2025-12-08 05:58:05,074 DEBUG org.apache.poi.openxml4j.opc.PackageRelationshipCollection - Parsing relationship: /_rels/.rels
2025-12-08 05:58:05,092 DEBUG org.apache.poi.ooxml.POIXMLFactory - using default POIXMLDocumentPart for http://schemas.openxmlformats.org/officeDocument/2006/relationships/printerSettings
2025-12-08 05:58:05,147 DEBUG org.apache.poi.openxml4j.opc.PackageRelationshipCollection - Parsing relationship: /xl/_rels/workbook.xml.rels
2025-12-08 05:58:05,154 DEBUG org.apache.poi.openxml4j.opc.PackageRelationshipCollection - Parsing relationship: /xl/worksheets/_rels/sheet3.xml.rels
2025-12-08 05:58:05,156 DEBUG org.apache.poi.openxml4j.opc.PackageRelationshipCollection - Parsing relationship: /_rels/.rels
2025-12-08 05:58:05,193 DEBUG org.apache.poi.ooxml.POIXMLFactory - using default POIXMLDocumentPart for http://schemas.openxmlformats.org/officeDocument/2006/relationships/printerSettings
2025-12-08 05:58:05,232 DEBUG org.apache.poi.openxml4j.opc.PackageRelationshipCollection - Parsing relationship: /xl/_rels/workbook.xml.rels
2025-12-08 05:58:05,234 DEBUG org.apache.poi.openxml4j.opc.PackageRelationshipCollection - Parsing relationship: /xl/worksheets/_rels/sheet3.xml.rels
2025-12-08 05:58:05,235 DEBUG org.apache.poi.openxml4j.opc.PackageRelationshipCollection - Parsing relationship: /_rels/.rels
2025-12-08 05:58:05,252 DEBUG org.apache.poi.ooxml.POIXMLFactory - using default POIXMLDocumentPart for http://schemas.openxmlformats.org/officeDocument/2006/relationships/printerSettings
2025-12-08 05:58:05,307 DEBUG org.apache.poi.openxml4j.opc.PackageRelationshipCollection - Parsing relationship: /xl/_rels/workbook.xml.rels
2025-12-08 05:58:05,308 DEBUG org.apache.poi.openxml4j.opc.PackageRelationshipCollection - Parsing relationship: /xl/worksheets/_rels/sheet3.xml.rels
2025-12-08 05:58:05,309 DEBUG org.apache.poi.openxml4j.opc.PackageRelationshipCollection - Parsing relationship: /_rels/.rels
2025-12-08 05:58:05,340 DEBUG org.apache.poi.ooxml.POIXMLFactory - using default POIXMLDocumentPart for http://schemas.openxmlformats.org/officeDocument/2006/relationships/printerSettings
2025-12-08 05:58:05,413 DEBUG org.apache.poi.openxml4j.opc.PackageRelationshipCollection - Parsing relationship: /xl/_rels/workbook.xml.rels
2025-12-08 05:58:05,415 DEBUG org.apache.poi.openxml4j.opc.PackageRelationshipCollection - Parsing relationship: /xl/worksheets/_rels/sheet3.xml.rels
2025-12-08 05:58:05,416 DEBUG org.apache.poi.openxml4j.opc.PackageRelationshipCollection - Parsing relationship: /_rels/.rels
2025-12-08 05:58:05,429 DEBUG org.apache.poi.ooxml.POIXMLFactory - using default POIXMLDocumentPart for http://schemas.openxmlformats.org/officeDocument/2006/relationships/printerSettings
2025-12-08 05:58:05,452 DEBUG org.apache.poi.openxml4j.opc.PackageRelationshipCollection - Parsing relationship: /xl/_rels/workbook.xml.rels
2025-12-08 05:58:05,453 DEBUG org.apache.poi.openxml4j.opc.PackageRelationshipCollection - Parsing relationship: /xl/worksheets/_rels/sheet3.xml.rels
2025-12-08 05:58:05,454 DEBUG org.apache.poi.openxml4j.opc.PackageRelationshipCollection - Parsing relationship: /_rels/.rels
2025-12-08 05:58:05,468 DEBUG org.apache.poi.ooxml.POIXMLFactory - using default POIXMLDocumentPart for http://schemas.openxmlformats.org/officeDocument/2006/relationships/printerSettings
2025-12-08 05:58:05,495 DEBUG org.apache.poi.openxml4j.opc.PackageRelationshipCollection - Parsing relationship: /xl/_rels/workbook.xml.rels
2025-12-08 05:58:05,497 DEBUG org.apache.poi.openxml4j.opc.PackageRelationshipCollection - Parsing relationship: /xl/worksheets/_rels/sheet3.xml.rels
2025-12-08 05:58:05,498 DEBUG org.apache.poi.openxml4j.opc.PackageRelationshipCollection - Parsing relationship: /_rels/.rels
2025-12-08 05:58:05,517 DEBUG org.apache.poi.ooxml.POIXMLFactory - using default POIXMLDocumentPart for http://schemas.openxmlformats.org/officeDocument/2006/relationships/printerSettings
2025-12-08 05:58:05,552 DEBUG org.apache.poi.openxml4j.opc.PackageRelationshipCollection - Parsing relationship: /xl/_rels/workbook.xml.rels
2025-12-08 05:58:05,554 DEBUG org.apache.poi.openxml4j.opc.PackageRelationshipCollection - Parsing relationship: /xl/worksheets/_rels/sheet3.xml.rels
2025-12-08 05:58:05,555 DEBUG org.apache.poi.openxml4j.opc.PackageRelationshipCollection - Parsing relationship: /_rels/.rels
2025-12-08 05:58:05,569 DEBUG org.apache.poi.ooxml.POIXMLFactory - using default POIXMLDocumentPart for http://schemas.openxmlformats.org/officeDocument/2006/relationships/printerSettings
2025-12-08 05:58:05,593 DEBUG org.apache.poi.openxml4j.opc.PackageRelationshipCollection - Parsing relationship: /xl/_rels/workbook.xml.rels
2025-12-08 05:58:05,594 DEBUG org.apache.poi.openxml4j.opc.PackageRelationshipCollection - Parsing relationship: /xl/worksheets/_rels/sheet3.xml.rels
2025-12-08 05:58:05,595 DEBUG org.apache.poi.openxml4j.opc.PackageRelationshipCollection - Parsing relationship: /_rels/.rels
2025-12-08 05:58:05,608 DEBUG org.apache.poi.ooxml.POIXMLFactory - using default POIXMLDocumentPart for http://schemas.openxmlformats.org/officeDocument/2006/relationships/printerSettings
2025-12-08 05:58:05,631 DEBUG org.apache.poi.openxml4j.opc.PackageRelationshipCollection - Parsing relationship: /xl/_rels/workbook.xml.rels
2025-12-08 05:58:05,632 DEBUG org.apache.poi.openxml4j.opc.PackageRelationshipCollection - Parsing relationship: /xl/worksheets/_rels/sheet3.xml.rels
2025-12-08 05:58:05,633 DEBUG org.apache.poi.openxml4j.opc.PackageRelationshipCollection - Parsing relationship: /_rels/.rels
2025-12-08 05:58:05,646 DEBUG org.apache.poi.ooxml.POIXMLFactory - using default POIXMLDocumentPart for http://schemas.openxmlformats.org/officeDocument/2006/relationships/printerSettings
2025-12-08 05:58:05,669 DEBUG org.apache.poi.openxml4j.opc.PackageRelationshipCollection - Parsing relationship: /xl/_rels/workbook.xml.rels
2025-12-08 05:58:05,670 DEBUG org.apache.poi.openxml4j.opc.PackageRelationshipCollection - Parsing relationship: /xl/worksheets/_rels/sheet3.xml.rels
2025-12-08 05:58:05,672 DEBUG org.apache.poi.openxml4j.opc.PackageRelationshipCollection - Parsing relationship: /_rels/.rels
2025-12-08 05:58:05,684 DEBUG org.apache.poi.ooxml.POIXMLFactory - using default POIXMLDocumentPart for http://schemas.openxmlformats.org/officeDocument/2006/relationships/printerSettings
2025-12-08 05:58:05,724 DEBUG org.apache.poi.openxml4j.opc.PackageRelationshipCollection - Parsing relationship: /xl/_rels/workbook.xml.rels
2025-12-08 05:58:05,725 DEBUG org.apache.poi.openxml4j.opc.PackageRelationshipCollection - Parsing relationship: /xl/worksheets/_rels/sheet3.xml.rels
2025-12-08 05:58:05,726 DEBUG org.apache.poi.openxml4j.opc.PackageRelationshipCollection - Parsing relationship: /_rels/.rels
2025-12-08 05:58:05,738 DEBUG org.apache.poi.ooxml.POIXMLFactory - using default POIXMLDocumentPart for http://schemas.openxmlformats.org/officeDocument/2006/relationships/printerSettings
2025-12-08 05:58:05,764 DEBUG org.apache.poi.openxml4j.opc.PackageRelationshipCollection - Parsing relationship: /xl/_rels/workbook.xml.rels
2025-12-08 05:58:05,765 DEBUG org.apache.poi.openxml4j.opc.PackageRelationshipCollection - Parsing relationship: /xl/worksheets/_rels/sheet3.xml.rels
2025-12-08 05:58:05,765 DEBUG org.apache.poi.openxml4j.opc.PackageRelationshipCollection - Parsing relationship: /_rels/.rels
2025-12-08 05:58:05,777 DEBUG org.apache.poi.ooxml.POIXMLFactory - using default POIXMLDocumentPart for http://schemas.openxmlformats.org/officeDocument/2006/relationships/printerSettings
2025-12-08 05:58:05,797 DEBUG org.apache.poi.openxml4j.opc.PackageRelationshipCollection - Parsing relationship: /xl/_rels/workbook.xml.rels
2025-12-08 05:58:05,799 DEBUG org.apache.poi.openxml4j.opc.PackageRelationshipCollection - Parsing relationship: /xl/worksheets/_rels/sheet3.xml.rels
2025-12-08 05:58:05,800 DEBUG org.apache.poi.openxml4j.opc.PackageRelationshipCollection - Parsing relationship: /_rels/.rels
2025-12-08 05:58:05,826 DEBUG org.apache.poi.ooxml.POIXMLFactory - using default POIXMLDocumentPart for http://schemas.openxmlformats.org/officeDocument/2006/relationships/printerSettings
2025-12-08 05:58:05,852 DEBUG org.apache.poi.openxml4j.opc.PackageRelationshipCollection - Parsing relationship: /xl/_rels/workbook.xml.rels
2025-12-08 05:58:05,853 DEBUG org.apache.poi.openxml4j.opc.PackageRelationshipCollection - Parsing relationship: /xl/worksheets/_rels/sheet3.xml.rels
2025-12-08 05:58:05,854 DEBUG org.apache.poi.openxml4j.opc.PackageRelationshipCollection - Parsing relationship: /_rels/.rels
2025-12-08 05:58:05,865 DEBUG org.apache.poi.ooxml.POIXMLFactory - using default POIXMLDocumentPart for http://schemas.openxmlformats.org/officeDocument/2006/relationships/printerSettings
2025-12-08 05:58:05,897 INFO  com.framework.tests.TC003_LoginDDTest - ===== Starting Data Driven Login Test =====
2025-12-08 05:58:05,898 INFO  com.framework.tests.TC003_LoginDDTest - Navigating to My Account...
2025-12-08 05:58:06,123 INFO  com.framework.tests.TC003_LoginDDTest - Clicking on Login...
2025-12-08 05:58:06,528 INFO  com.framework.tests.TC003_LoginDDTest - Entering User Email: piwene6598@badfist.com
2025-12-08 05:58:06,701 INFO  com.framework.tests.TC003_LoginDDTest - Entering User Password: Qaz@123
2025-12-08 05:58:06,829 INFO  com.framework.tests.TC003_LoginDDTest - Clicking on Login button...
2025-12-08 05:58:07,619 INFO  com.framework.tests.TC003_LoginDDTest - Validating if MyAccount page is displayed...
2025-12-08 05:58:07,666 INFO  com.framework.tests.TC003_LoginDDTest - Target page status: true
2025-12-08 05:58:07,667 INFO  com.framework.tests.TC003_LoginDDTest - Expected result: VALID login
2025-12-08 05:58:07,667 INFO  com.framework.tests.TC003_LoginDDTest - Login successful with valid credentials.
2025-12-08 05:58:08,087 INFO  com.framework.tests.TC003_LoginDDTest - ===== Data Driven Login Test Completed =====
2025-12-08 05:58:08,104 INFO  com.framework.tests.TC003_LoginDDTest - ===== Starting Data Driven Login Test =====
2025-12-08 05:58:08,105 INFO  com.framework.tests.TC003_LoginDDTest - Navigating to My Account...
2025-12-08 05:58:08,238 INFO  com.framework.tests.TC003_LoginDDTest - Clicking on Login...
2025-12-08 05:58:08,551 INFO  com.framework.tests.TC003_LoginDDTest - Entering User Email: piwene6598@badfist.com
2025-12-08 05:58:08,688 INFO  com.framework.tests.TC003_LoginDDTest - Entering User Password: WrongPass123
2025-12-08 05:58:08,786 INFO  com.framework.tests.TC003_LoginDDTest - Clicking on Login button...
2025-12-08 05:58:08,873 INFO  com.framework.tests.TC003_LoginDDTest - Validating if MyAccount page is displayed...
2025-12-08 05:58:18,930 INFO  com.framework.tests.TC003_LoginDDTest - Target page status: false
2025-12-08 05:58:18,930 INFO  com.framework.tests.TC003_LoginDDTest - Expected result: INVALID login
2025-12-08 05:58:18,930 INFO  com.framework.tests.TC003_LoginDDTest - Login failed as expected with invalid credentials.
2025-12-08 05:58:18,961 INFO  com.framework.tests.TC003_LoginDDTest - Warning: No match for E-Mail Address and/or Password.
2025-12-08 05:58:18,962 INFO  com.framework.tests.TC003_LoginDDTest - ===== Data Driven Login Test Completed =====
2025-12-08 05:58:18,966 INFO  com.framework.tests.TC003_LoginDDTest - ===== Starting Data Driven Login Test =====
2025-12-08 05:58:18,967 INFO  com.framework.tests.TC003_LoginDDTest - Navigating to My Account...
2025-12-08 05:58:19,093 INFO  com.framework.tests.TC003_LoginDDTest - Clicking on Login...
2025-12-08 05:58:19,395 INFO  com.framework.tests.TC003_LoginDDTest - Entering User Email: wrongemail@badfist.com
2025-12-08 05:58:19,515 INFO  com.framework.tests.TC003_LoginDDTest - Entering User Password: Qaz@123
2025-12-08 05:58:19,592 INFO  com.framework.tests.TC003_LoginDDTest - Clicking on Login button...
2025-12-08 05:58:19,673 INFO  com.framework.tests.TC003_LoginDDTest - Validating if MyAccount page is displayed...
2025-12-08 05:58:29,731 INFO  com.framework.tests.TC003_LoginDDTest - Target page status: false
2025-12-08 05:58:29,731 INFO  com.framework.tests.TC003_LoginDDTest - Expected result: INVALID login
2025-12-08 05:58:29,731 INFO  com.framework.tests.TC003_LoginDDTest - Login failed as expected with invalid credentials.
2025-12-08 05:58:29,755 INFO  com.framework.tests.TC003_LoginDDTest - Warning: No match for E-Mail Address and/or Password.
2025-12-08 05:58:29,755 INFO  com.framework.tests.TC003_LoginDDTest - ===== Data Driven Login Test Completed =====
2025-12-08 05:58:29,760 INFO  com.framework.tests.TC003_LoginDDTest - ===== Starting Data Driven Login Test =====
2025-12-08 05:58:29,761 INFO  com.framework.tests.TC003_LoginDDTest - Navigating to My Account...
2025-12-08 05:58:29,879 INFO  com.framework.tests.TC003_LoginDDTest - Clicking on Login...
2025-12-08 05:58:30,172 INFO  com.framework.tests.TC003_LoginDDTest - Entering User Email: piwene6598@badfist.com
2025-12-08 05:58:30,280 INFO  com.framework.tests.TC003_LoginDDTest - Entering User Password: 
2025-12-08 05:58:30,386 INFO  com.framework.tests.TC003_LoginDDTest - Clicking on Login button...
2025-12-08 05:58:31,426 INFO  com.framework.tests.TC003_LoginDDTest - Validating if MyAccount page is displayed...
2025-12-08 05:58:41,477 INFO  com.framework.tests.TC003_LoginDDTest - Target page status: false
2025-12-08 05:58:41,477 INFO  com.framework.tests.TC003_LoginDDTest - Expected result: INVALID login
2025-12-08 05:58:41,477 INFO  com.framework.tests.TC003_LoginDDTest - Login failed as expected with invalid credentials.
2025-12-08 05:58:41,506 INFO  com.framework.tests.TC003_LoginDDTest - Warning: No match for E-Mail Address and/or Password.
2025-12-08 05:58:41,506 INFO  com.framework.tests.TC003_LoginDDTest - ===== Data Driven Login Test Completed =====
2025-12-08 05:58:41,511 INFO  com.framework.tests.TC003_LoginDDTest - ===== Starting Data Driven Login Test =====
2025-12-08 05:58:41,512 INFO  com.framework.tests.TC003_LoginDDTest - Navigating to My Account...
2025-12-08 05:58:41,696 INFO  com.framework.tests.TC003_LoginDDTest - Clicking on Login...
2025-12-08 05:58:42,498 INFO  com.framework.tests.TC003_LoginDDTest - Entering User Email: 
2025-12-08 05:58:42,586 INFO  com.framework.tests.TC003_LoginDDTest - Entering User Password: Qaz@123
2025-12-08 05:58:42,694 INFO  com.framework.tests.TC003_LoginDDTest - Clicking on Login button...
2025-12-08 05:58:42,790 INFO  com.framework.tests.TC003_LoginDDTest - Validating if MyAccount page is displayed...
2025-12-08 05:58:52,856 INFO  com.framework.tests.TC003_LoginDDTest - Target page status: false
2025-12-08 05:58:52,856 INFO  com.framework.tests.TC003_LoginDDTest - Expected result: INVALID login
2025-12-08 05:58:52,856 INFO  com.framework.tests.TC003_LoginDDTest - Login failed as expected with invalid credentials.
2025-12-08 05:58:52,880 INFO  com.framework.tests.TC003_LoginDDTest - Warning: No match for E-Mail Address and/or Password.
2025-12-08 05:58:52,880 INFO  com.framework.tests.TC003_LoginDDTest - ===== Data Driven Login Test Completed =====
2025-12-08 05:58:52,886 INFO  com.framework.tests.TC003_LoginDDTest - ===== Starting Data Driven Login Test =====
2025-12-08 05:58:52,886 INFO  com.framework.tests.TC003_LoginDDTest - Navigating to My Account...
2025-12-08 05:58:53,013 INFO  com.framework.tests.TC003_LoginDDTest - Clicking on Login...
2025-12-08 05:58:53,297 INFO  com.framework.tests.TC003_LoginDDTest - Entering User Email: piwene6598@badfist.com
2025-12-08 05:58:53,410 INFO  com.framework.tests.TC003_LoginDDTest - Entering User Password: ' OR 1=1 --
2025-12-08 05:58:53,487 INFO  com.framework.tests.TC003_LoginDDTest - Clicking on Login button...
2025-12-08 05:58:53,561 INFO  com.framework.tests.TC003_LoginDDTest - Validating if MyAccount page is displayed...
2025-12-08 05:59:03,601 INFO  com.framework.tests.TC003_LoginDDTest - Target page status: false
2025-12-08 05:59:03,601 INFO  com.framework.tests.TC003_LoginDDTest - Expected result: VALID login
2025-12-08 05:59:03,602 WARN  com.framework.tests.TC003_LoginDDTest - Login failed even though credentials are valid.
2025-12-08 05:59:03,603 INFO  com.framework.tests.TC003_LoginDDTest - ===== Data Driven Login Test Completed =====
2025-12-08 05:59:03,839 INFO  com.framework.tests.TC003_LoginDDTest - Closing WebDriver
2025-12-08 06:17:10,066 DEBUG org.testng.TestNG - suiteXmlPath: "E:\Automation\eclipse-workspace\hybrid-automation-framework\crossbrowser.xml"
2025-12-08 06:17:10,562 INFO  org.testng.internal.Utils - [TestNG] Running:
  E:\Automation\eclipse-workspace\hybrid-automation-framework\crossbrowser.xml

2025-12-08 06:17:10,755 INFO  com.framework.tests.TC001_RegisterAccountTest - Execution Environment: remote
2025-12-08 06:17:10,755 INFO  com.framework.tests.TC001_RegisterAccountTest - Browser: firefox
2025-12-08 06:17:10,755 INFO  com.framework.tests.TC001_RegisterAccountTest - OS: Linux
2025-12-08 06:17:10,759 INFO  com.framework.driver.DriverFactory - Initializing REMOTE WebDriver for firefox on OS Linux
2025-12-08 06:17:10,914 INFO  com.framework.tests.TC001_RegisterAccountTest - Execution Environment: remote
2025-12-08 06:17:10,914 INFO  com.framework.tests.TC001_RegisterAccountTest - Browser: chrome
2025-12-08 06:17:10,915 INFO  com.framework.tests.TC001_RegisterAccountTest - OS: Linux
2025-12-08 06:17:10,915 INFO  com.framework.driver.DriverFactory - Initializing REMOTE WebDriver for chrome on OS Linux
2025-12-08 06:20:12,091 INFO  com.framework.tests.TC002_LoginTest - Execution Environment: remote
2025-12-08 06:20:12,093 INFO  com.framework.tests.TC002_LoginTest - Browser: chrome
2025-12-08 06:20:12,094 INFO  com.framework.tests.TC002_LoginTest - OS: Linux
2025-12-08 06:20:12,094 INFO  com.framework.driver.DriverFactory - Initializing REMOTE WebDriver for chrome on OS Linux
2025-12-08 06:20:12,060 INFO  com.framework.tests.TC002_LoginTest - Execution Environment: remote
2025-12-08 06:20:12,097 INFO  com.framework.tests.TC002_LoginTest - Browser: firefox
2025-12-08 06:20:12,097 INFO  com.framework.tests.TC002_LoginTest - OS: Linux
2025-12-08 06:20:12,098 INFO  com.framework.driver.DriverFactory - Initializing REMOTE WebDriver for firefox on OS Linux
2025-12-08 06:50:07,848 DEBUG org.testng.TestNG - suiteXmlPath: "E:\Automation\eclipse-workspace\hybrid-automation-framework\crossbrowser.xml"
2025-12-08 06:50:08,254 INFO  org.testng.internal.Utils - [TestNG] Running:
  E:\Automation\eclipse-workspace\hybrid-automation-framework\crossbrowser.xml

2025-12-08 06:50:08,595 INFO  com.framework.tests.TC001_RegisterAccountTest - Execution Environment: remote
2025-12-08 06:50:08,595 INFO  com.framework.tests.TC001_RegisterAccountTest - Execution Environment: remote
2025-12-08 06:50:08,595 INFO  com.framework.tests.TC001_RegisterAccountTest - Browser: firefox
2025-12-08 06:50:08,595 INFO  com.framework.tests.TC001_RegisterAccountTest - Browser: chrome
2025-12-08 06:50:08,595 INFO  com.framework.tests.TC001_RegisterAccountTest - OS: Linux
2025-12-08 06:50:08,595 INFO  com.framework.tests.TC001_RegisterAccountTest - OS: Linux
2025-12-08 06:50:08,597 INFO  com.framework.driver.DriverFactory - Initializing REMOTE WebDriver for firefox on OS Linux
2025-12-08 06:50:08,597 INFO  com.framework.driver.DriverFactory - Initializing REMOTE WebDriver for chrome on OS Linux
2025-12-08 06:50:14,129 INFO  com.framework.tests.TC001_RegisterAccountTest - Navigated to URL: https://tutorialsninja.com/demo/
2025-12-08 06:50:14,171 INFO  com.framework.tests.TC001_RegisterAccountTest - ===== Starting Register Account Test =====
2025-12-08 06:50:14,334 INFO  com.framework.tests.TC001_RegisterAccountTest - Navigating to My Account
2025-12-08 06:50:14,877 INFO  com.framework.tests.TC001_RegisterAccountTest - Clicking on Register
2025-12-08 06:50:16,467 INFO  com.framework.tests.TC001_RegisterAccountTest - Entering First Name: PRBKUQT
2025-12-08 06:50:16,850 INFO  com.framework.tests.TC001_RegisterAccountTest - Entering Last Name: ILJOAOJ
2025-12-08 06:50:17,565 INFO  com.framework.tests.TC001_RegisterAccountTest - Entering Email: GfbMPDcgz@gmail.com
2025-12-08 06:50:18,779 INFO  com.framework.tests.TC001_RegisterAccountTest - Entering Phone: 7876088335
2025-12-08 06:50:19,199 DEBUG com.framework.tests.TC001_RegisterAccountTest - Generated Password: FVzafVTC6
2025-12-08 06:50:20,812 INFO  com.framework.tests.TC001_RegisterAccountTest - Accepting privacy policy
2025-12-08 06:50:21,250 INFO  com.framework.tests.TC001_RegisterAccountTest - Navigated to URL: https://tutorialsninja.com/demo/
2025-12-08 06:50:21,254 INFO  com.framework.tests.TC001_RegisterAccountTest - ===== Starting Register Account Test =====
2025-12-08 06:50:21,256 INFO  com.framework.tests.TC001_RegisterAccountTest - Navigating to My Account
2025-12-08 06:50:21,323 INFO  com.framework.tests.TC001_RegisterAccountTest - Clicking on Continue button
2025-12-08 06:50:21,992 INFO  com.framework.tests.TC001_RegisterAccountTest - Clicking on Register
2025-12-08 06:50:22,901 INFO  com.framework.tests.TC001_RegisterAccountTest - Confirmation Message Received: Your Account Has Been Created!
2025-12-08 06:50:22,905 INFO  com.framework.tests.TC001_RegisterAccountTest - Account creation test PASSED
2025-12-08 06:50:22,905 INFO  com.framework.tests.TC001_RegisterAccountTest - ===== Register Account Test Completed =====
2025-12-08 06:50:22,983 INFO  com.framework.tests.TC001_RegisterAccountTest - Closing WebDriver
2025-12-08 06:50:23,365 INFO  com.framework.tests.TC001_RegisterAccountTest - Entering First Name: DQCQOQC
2025-12-08 06:50:23,475 INFO  com.framework.tests.TC002_LoginTest - Execution Environment: remote
2025-12-08 06:50:23,478 INFO  com.framework.tests.TC002_LoginTest - Browser: chrome
2025-12-08 06:50:23,479 INFO  com.framework.tests.TC002_LoginTest - OS: Linux
2025-12-08 06:50:23,479 INFO  com.framework.driver.DriverFactory - Initializing REMOTE WebDriver for chrome on OS Linux
2025-12-08 06:50:23,965 INFO  com.framework.tests.TC001_RegisterAccountTest - Entering Last Name: XQLSSDL
2025-12-08 06:50:24,106 INFO  com.framework.tests.TC001_RegisterAccountTest - Entering Email: sWMmROL6Z@gmail.com
2025-12-08 06:50:24,383 INFO  com.framework.tests.TC001_RegisterAccountTest - Entering Phone: 1397468786
2025-12-08 06:50:24,593 DEBUG com.framework.tests.TC001_RegisterAccountTest - Generated Password: UaLvAKeTi
2025-12-08 06:50:25,098 INFO  com.framework.tests.TC001_RegisterAccountTest - Accepting privacy policy
2025-12-08 06:50:25,434 INFO  com.framework.tests.TC001_RegisterAccountTest - Clicking on Continue button
2025-12-08 06:50:26,609 INFO  com.framework.tests.TC001_RegisterAccountTest - Confirmation Message Received: Your Account Has Been Created!
2025-12-08 06:50:26,610 INFO  com.framework.tests.TC001_RegisterAccountTest - Account creation test PASSED
2025-12-08 06:50:26,610 INFO  com.framework.tests.TC001_RegisterAccountTest - ===== Register Account Test Completed =====
2025-12-08 06:50:26,619 INFO  com.framework.tests.TC001_RegisterAccountTest - Closing WebDriver
2025-12-08 06:50:27,328 INFO  com.framework.tests.TC002_LoginTest - Navigated to URL: https://tutorialsninja.com/demo/
2025-12-08 06:50:27,332 INFO  com.framework.tests.TC002_LoginTest - ===== Starting Login Test =====
2025-12-08 06:50:27,332 INFO  com.framework.tests.TC002_LoginTest - Navigating to My Account
2025-12-08 06:50:27,707 INFO  com.framework.tests.TC002_LoginTest - Clicking on login
2025-12-08 06:50:28,436 INFO  com.framework.tests.TC002_LoginTest - Entering UserEmail: piwene6598@badfist.com
2025-12-08 06:50:28,490 INFO  com.framework.tests.TC002_LoginTest - Execution Environment: remote
2025-12-08 06:50:28,491 INFO  com.framework.tests.TC002_LoginTest - Browser: firefox
2025-12-08 06:50:28,491 INFO  com.framework.tests.TC002_LoginTest - OS: Linux
2025-12-08 06:50:28,491 INFO  com.framework.driver.DriverFactory - Initializing REMOTE WebDriver for firefox on OS Linux
2025-12-08 06:50:28,815 INFO  com.framework.tests.TC002_LoginTest - Entering UserEmail: Qaz@123
2025-12-08 06:50:29,045 INFO  com.framework.tests.TC002_LoginTest - Clicking on login button
2025-12-08 06:50:29,995 INFO  com.framework.tests.TC002_LoginTest - Checking if target page found!
2025-12-08 06:50:30,161 INFO  com.framework.tests.TC002_LoginTest - ===== Login Test Completed =====
2025-12-08 06:50:30,168 INFO  com.framework.tests.TC002_LoginTest - Closing WebDriver
2025-12-08 06:50:36,849 INFO  com.framework.tests.TC002_LoginTest - Navigated to URL: https://tutorialsninja.com/demo/
2025-12-08 06:50:36,854 INFO  com.framework.tests.TC002_LoginTest - ===== Starting Login Test =====
2025-12-08 06:50:36,855 INFO  com.framework.tests.TC002_LoginTest - Navigating to My Account
2025-12-08 06:50:37,579 INFO  com.framework.tests.TC002_LoginTest - Clicking on login
2025-12-08 06:50:38,223 INFO  com.framework.tests.TC002_LoginTest - Entering UserEmail: piwene6598@badfist.com
2025-12-08 06:50:38,502 INFO  com.framework.tests.TC002_LoginTest - Entering UserEmail: Qaz@123
2025-12-08 06:50:38,624 INFO  com.framework.tests.TC002_LoginTest - Clicking on login button
2025-12-08 06:50:39,565 INFO  com.framework.tests.TC002_LoginTest - Checking if target page found!
2025-12-08 06:50:39,652 INFO  com.framework.tests.TC002_LoginTest - ===== Login Test Completed =====
2025-12-08 06:50:39,656 INFO  com.framework.tests.TC002_LoginTest - Closing WebDriver
2025-12-08 06:54:03,291 DEBUG org.testng.TestNG - suiteXmlPath: "E:\Automation\eclipse-workspace\hybrid-automation-framework\crossbrowser.xml"
2025-12-08 06:54:03,852 INFO  org.testng.internal.Utils - [TestNG] Running:
  E:\Automation\eclipse-workspace\hybrid-automation-framework\crossbrowser.xml

2025-12-08 06:54:04,284 INFO  com.framework.tests.TC001_RegisterAccountTest - Execution Environment: remote
2025-12-08 06:54:04,284 INFO  com.framework.tests.TC001_RegisterAccountTest - Browser: edge
2025-12-08 06:54:04,285 INFO  com.framework.tests.TC001_RegisterAccountTest - OS: Linux
2025-12-08 06:54:04,287 INFO  com.framework.driver.DriverFactory - Initializing REMOTE WebDriver for edge on OS Linux
2025-12-08 06:54:04,407 INFO  com.framework.tests.TC001_RegisterAccountTest - Execution Environment: remote
2025-12-08 06:54:04,408 INFO  com.framework.tests.TC001_RegisterAccountTest - Browser: chrome
2025-12-08 06:54:04,408 INFO  com.framework.tests.TC001_RegisterAccountTest - OS: Linux
2025-12-08 06:54:04,408 INFO  com.framework.driver.DriverFactory - Initializing REMOTE WebDriver for chrome on OS Linux
2025-12-08 06:54:04,411 INFO  com.framework.tests.TC001_RegisterAccountTest - Execution Environment: remote
2025-12-08 06:54:04,411 INFO  com.framework.tests.TC001_RegisterAccountTest - Browser: firefox
2025-12-08 06:54:04,411 INFO  com.framework.tests.TC001_RegisterAccountTest - OS: Linux
2025-12-08 06:54:04,411 INFO  com.framework.driver.DriverFactory - Initializing REMOTE WebDriver for firefox on OS Linux
2025-12-08 06:54:11,980 INFO  com.framework.tests.TC001_RegisterAccountTest - Navigated to URL: https://tutorialsninja.com/demo/
2025-12-08 06:54:12,477 INFO  com.framework.tests.TC001_RegisterAccountTest - ===== Starting Register Account Test =====
2025-12-08 06:54:12,867 INFO  com.framework.tests.TC001_RegisterAccountTest - Navigating to My Account
2025-12-08 06:54:14,957 INFO  com.framework.tests.TC001_RegisterAccountTest - Clicking on Register
2025-12-08 06:54:16,310 INFO  com.framework.tests.TC001_RegisterAccountTest - Entering First Name: EGGKCID
2025-12-08 06:54:16,574 INFO  com.framework.tests.TC001_RegisterAccountTest - Entering Last Name: YHZEBXZ
2025-12-08 06:54:17,451 INFO  com.framework.tests.TC001_RegisterAccountTest - Entering Email: Awqt8gmFZ@gmail.com
2025-12-08 06:54:17,668 INFO  com.framework.tests.TC001_RegisterAccountTest - Entering Phone: 6771260226
2025-12-08 06:54:18,880 DEBUG com.framework.tests.TC001_RegisterAccountTest - Generated Password: 2VsG2XMAu
2025-12-08 06:54:19,655 INFO  com.framework.tests.TC001_RegisterAccountTest - Accepting privacy policy
2025-12-08 06:54:19,930 INFO  com.framework.tests.TC001_RegisterAccountTest - Clicking on Continue button
2025-12-08 06:54:21,202 INFO  com.framework.tests.TC001_RegisterAccountTest - Confirmation Message Received: Your Account Has Been Created!
2025-12-08 06:54:21,289 INFO  com.framework.tests.TC001_RegisterAccountTest - Account creation test PASSED
2025-12-08 06:54:21,289 INFO  com.framework.tests.TC001_RegisterAccountTest - ===== Register Account Test Completed =====
2025-12-08 06:54:21,904 INFO  com.framework.tests.TC001_RegisterAccountTest - Closing WebDriver
2025-12-08 06:54:22,195 INFO  com.framework.tests.TC002_LoginTest - Execution Environment: remote
2025-12-08 06:54:22,195 INFO  com.framework.tests.TC002_LoginTest - Browser: chrome
2025-12-08 06:54:22,195 INFO  com.framework.tests.TC002_LoginTest - OS: Linux
2025-12-08 06:54:22,195 INFO  com.framework.driver.DriverFactory - Initializing REMOTE WebDriver for chrome on OS Linux
2025-12-08 06:54:38,305 INFO  com.framework.tests.TC002_LoginTest - Navigated to URL: https://tutorialsninja.com/demo/
2025-12-08 06:54:38,308 INFO  com.framework.tests.TC002_LoginTest - ===== Starting Login Test =====
2025-12-08 06:54:38,308 INFO  com.framework.tests.TC002_LoginTest - Navigating to My Account
2025-12-08 06:54:38,564 INFO  com.framework.tests.TC001_RegisterAccountTest - Navigated to URL: https://tutorialsninja.com/demo/
2025-12-08 06:54:38,568 INFO  com.framework.tests.TC001_RegisterAccountTest - ===== Starting Register Account Test =====
2025-12-08 06:54:38,568 INFO  com.framework.tests.TC001_RegisterAccountTest - Navigating to My Account
2025-12-08 06:54:39,697 INFO  com.framework.tests.TC002_LoginTest - Clicking on login
2025-12-08 06:54:40,104 INFO  com.framework.tests.TC001_RegisterAccountTest - Clicking on Register
2025-12-08 06:54:41,867 INFO  com.framework.tests.TC002_LoginTest - Entering UserEmail: piwene6598@badfist.com
2025-12-08 06:54:43,488 INFO  com.framework.tests.TC001_RegisterAccountTest - Entering First Name: YTFEPIY
2025-12-08 06:54:43,839 INFO  com.framework.tests.TC002_LoginTest - Entering UserEmail: Qaz@123
2025-12-08 06:54:44,339 INFO  com.framework.tests.TC001_RegisterAccountTest - Navigated to URL: https://tutorialsninja.com/demo/
2025-12-08 06:54:44,345 INFO  com.framework.tests.TC001_RegisterAccountTest - ===== Starting Register Account Test =====
2025-12-08 06:54:44,346 INFO  com.framework.tests.TC001_RegisterAccountTest - Navigating to My Account
2025-12-08 06:54:44,498 INFO  com.framework.tests.TC001_RegisterAccountTest - Entering Last Name: AGGPUQD
2025-12-08 06:54:45,037 INFO  com.framework.tests.TC002_LoginTest - Clicking on login button
2025-12-08 06:54:45,578 INFO  com.framework.tests.TC001_RegisterAccountTest - Entering Email: 24s890z7y@gmail.com
2025-12-08 06:54:45,802 INFO  com.framework.tests.TC001_RegisterAccountTest - Clicking on Register
2025-12-08 06:54:47,099 INFO  com.framework.tests.TC001_RegisterAccountTest - Entering Phone: 1967596670
2025-12-08 06:54:47,482 INFO  com.framework.tests.TC002_LoginTest - Checking if target page found!
2025-12-08 06:54:48,090 INFO  com.framework.tests.TC002_LoginTest - ===== Login Test Completed =====
2025-12-08 06:54:48,097 INFO  com.framework.tests.TC002_LoginTest - Closing WebDriver
2025-12-08 06:54:48,343 DEBUG com.framework.tests.TC001_RegisterAccountTest - Generated Password: UJOsSPWsB
2025-12-08 06:54:49,193 INFO  com.framework.tests.TC001_RegisterAccountTest - Entering First Name: SYVQVFQ
2025-12-08 06:54:50,297 INFO  com.framework.tests.TC001_RegisterAccountTest - Accepting privacy policy
2025-12-08 06:54:50,386 INFO  com.framework.tests.TC001_RegisterAccountTest - Entering Last Name: TDUMZXJ
2025-12-08 06:54:50,645 INFO  com.framework.tests.TC001_RegisterAccountTest - Entering Email: waWCqq0OP@gmail.com
2025-12-08 06:54:50,870 INFO  com.framework.tests.TC001_RegisterAccountTest - Clicking on Continue button
2025-12-08 06:54:50,929 INFO  com.framework.tests.TC001_RegisterAccountTest - Entering Phone: 0551843387
2025-12-08 06:54:51,367 DEBUG com.framework.tests.TC001_RegisterAccountTest - Generated Password: lrkddobk1
2025-12-08 06:54:52,440 INFO  com.framework.tests.TC001_RegisterAccountTest - Accepting privacy policy
2025-12-08 06:54:53,351 INFO  com.framework.tests.TC001_RegisterAccountTest - Clicking on Continue button
2025-12-08 06:54:54,013 INFO  com.framework.tests.TC001_RegisterAccountTest - Confirmation Message Received: Your Account Has Been Created!
2025-12-08 06:54:54,013 INFO  com.framework.tests.TC001_RegisterAccountTest - Account creation test PASSED
2025-12-08 06:54:54,013 INFO  com.framework.tests.TC001_RegisterAccountTest - ===== Register Account Test Completed =====
2025-12-08 06:54:54,025 INFO  com.framework.tests.TC001_RegisterAccountTest - Closing WebDriver
2025-12-08 06:54:55,493 INFO  com.framework.tests.TC001_RegisterAccountTest - Confirmation Message Received: Your Account Has Been Created!
2025-12-08 06:54:55,493 INFO  com.framework.tests.TC001_RegisterAccountTest - Account creation test PASSED
2025-12-08 06:54:55,493 INFO  com.framework.tests.TC001_RegisterAccountTest - ===== Register Account Test Completed =====
2025-12-08 06:54:55,497 INFO  com.framework.tests.TC001_RegisterAccountTest - Closing WebDriver
2025-12-08 06:54:55,772 INFO  com.framework.tests.TC002_LoginTest - Execution Environment: remote
2025-12-08 06:54:55,772 INFO  com.framework.tests.TC002_LoginTest - Browser: edge
2025-12-08 06:54:55,773 INFO  com.framework.tests.TC002_LoginTest - OS: Linux
2025-12-08 06:54:55,773 INFO  com.framework.driver.DriverFactory - Initializing REMOTE WebDriver for edge on OS Linux
2025-12-08 06:54:59,005 INFO  com.framework.tests.TC002_LoginTest - Execution Environment: remote
2025-12-08 06:54:59,005 INFO  com.framework.tests.TC002_LoginTest - Browser: firefox
2025-12-08 06:54:59,006 INFO  com.framework.tests.TC002_LoginTest - OS: Linux
2025-12-08 06:54:59,006 INFO  com.framework.driver.DriverFactory - Initializing REMOTE WebDriver for firefox on OS Linux
2025-12-08 06:55:01,119 INFO  com.framework.tests.TC002_LoginTest - Navigated to URL: https://tutorialsninja.com/demo/
2025-12-08 06:55:01,124 INFO  com.framework.tests.TC002_LoginTest - ===== Starting Login Test =====
2025-12-08 06:55:01,125 INFO  com.framework.tests.TC002_LoginTest - Navigating to My Account
2025-12-08 06:55:01,660 INFO  com.framework.tests.TC002_LoginTest - Clicking on login
2025-12-08 06:55:02,835 INFO  com.framework.tests.TC002_LoginTest - Entering UserEmail: piwene6598@badfist.com
2025-12-08 06:55:03,482 INFO  com.framework.tests.TC002_LoginTest - Entering UserEmail: Qaz@123
2025-12-08 06:55:04,006 INFO  com.framework.tests.TC002_LoginTest - Clicking on login button
2025-12-08 06:55:05,556 INFO  com.framework.tests.TC002_LoginTest - Checking if target page found!
2025-12-08 06:55:05,980 INFO  com.framework.tests.TC002_LoginTest - ===== Login Test Completed =====
2025-12-08 06:55:05,993 INFO  com.framework.tests.TC002_LoginTest - Closing WebDriver
2025-12-08 06:55:10,229 INFO  com.framework.tests.TC002_LoginTest - Navigated to URL: https://tutorialsninja.com/demo/
2025-12-08 06:55:10,233 INFO  com.framework.tests.TC002_LoginTest - ===== Starting Login Test =====
2025-12-08 06:55:10,235 INFO  com.framework.tests.TC002_LoginTest - Navigating to My Account
2025-12-08 06:55:11,369 INFO  com.framework.tests.TC002_LoginTest - Clicking on login
2025-12-08 06:55:12,371 INFO  com.framework.tests.TC002_LoginTest - Entering UserEmail: piwene6598@badfist.com
2025-12-08 06:55:12,729 INFO  com.framework.tests.TC002_LoginTest - Entering UserEmail: Qaz@123
2025-12-08 06:55:12,893 INFO  com.framework.tests.TC002_LoginTest - Clicking on login button
2025-12-08 06:55:13,891 INFO  com.framework.tests.TC002_LoginTest - Checking if target page found!
2025-12-08 06:55:14,017 INFO  com.framework.tests.TC002_LoginTest - ===== Login Test Completed =====
2025-12-08 06:55:14,022 INFO  com.framework.tests.TC002_LoginTest - Closing WebDriver
2025-12-08 07:13:28,504 DEBUG org.testng.TestNG - suiteXmlPath: "E:\Automation\eclipse-workspace\hybrid-automation-framework\crossbrowser.xml"
2025-12-08 07:13:28,992 INFO  org.testng.internal.Utils - [TestNG] Running:
  E:\Automation\eclipse-workspace\hybrid-automation-framework\crossbrowser.xml

2025-12-08 07:13:29,354 INFO  com.framework.tests.TC001_RegisterAccountTest - Execution Environment: local
2025-12-08 07:13:29,354 INFO  com.framework.tests.TC001_RegisterAccountTest - Browser: edge
2025-12-08 07:13:29,354 INFO  com.framework.tests.TC001_RegisterAccountTest - OS: WIN10
2025-12-08 07:13:29,356 INFO  com.framework.driver.DriverFactory - Initializing LOCAL driver for browser: edge
2025-12-08 07:13:29,384 INFO  com.framework.tests.TC001_RegisterAccountTest - Execution Environment: local
2025-12-08 07:13:29,384 INFO  com.framework.tests.TC001_RegisterAccountTest - Browser: chrome
2025-12-08 07:13:29,385 INFO  com.framework.tests.TC001_RegisterAccountTest - OS: WIN10
2025-12-08 07:13:29,385 INFO  com.framework.driver.DriverFactory - Initializing LOCAL driver for browser: chrome
2025-12-08 07:13:34,606 INFO  com.framework.tests.TC001_RegisterAccountTest - Navigated to URL: https://tutorialsninja.com/demo/
2025-12-08 07:13:34,646 INFO  com.framework.tests.TC001_RegisterAccountTest - ===== Starting Register Account Test =====
2025-12-08 07:13:34,800 INFO  com.framework.tests.TC001_RegisterAccountTest - Navigating to My Account
2025-12-08 07:13:39,753 INFO  com.framework.tests.TC001_RegisterAccountTest - Navigated to URL: https://tutorialsninja.com/demo/
2025-12-08 07:13:39,755 INFO  com.framework.tests.TC001_RegisterAccountTest - ===== Starting Register Account Test =====
2025-12-08 07:13:39,755 INFO  com.framework.tests.TC001_RegisterAccountTest - Navigating to My Account
2025-12-08 07:13:45,103 ERROR com.framework.tests.TC001_RegisterAccountTest - Unexpected Exception Occurred During Test Execution
org.openqa.selenium.TimeoutException: Expected condition failed: waiting for visibility of [[EdgeDriver: MicrosoftEdge on windows (46b2da44acef1a61c88f947d86ecba6d)] -> xpath: //span[normalize-space()='My Account']] (tried for 10 second(s) with 500 milliseconds interval)
Build info: version: '4.38.0', revision: '6b412e825c*'
System info: os.name: 'Windows 10', os.arch: 'amd64', os.version: '10.0', java.version: '25'
Driver info: org.openqa.selenium.edge.EdgeDriver
Capabilities {acceptInsecureCerts: false, browserName: MicrosoftEdge, browserVersion: 143.0.3650.66, fedcm:accounts: true, goog:processID: 24788, ms:edgeOptions: {debuggerAddress: localhost:51326}, msedge: {msedgedriverVersion: 143.0.3650.66 (507b0dd34c3d..., userDataDir: C:\Users\Gowtham\AppData\Lo...}, networkConnectionEnabled: false, pageLoadStrategy: normal, platformName: windows, proxy: Proxy(), se:cdp: ws://localhost:51326/devtoo..., se:cdpVersion: 143.0.3650.66, setWindowRect: true, strictFileInteractability: false, timeouts: {implicit: 0, pageLoad: 300000, script: 30000}, unhandledPromptBehavior: dismiss and notify, webauthn:extension:credBlob: true, webauthn:extension:largeBlob: true, webauthn:extension:minPinLength: true, webauthn:extension:prf: true, webauthn:virtualAuthenticators: true}
Session ID: 46b2da44acef1a61c88f947d86ecba6d
	at org.openqa.selenium.support.ui.WebDriverWait.timeoutException(WebDriverWait.java:84)
	at org.openqa.selenium.support.ui.FluentWait.until(FluentWait.java:228)
	at com.framework.pages.HomePage.clickOnMyAccount(HomePage.java:28)
	at com.framework.tests.TC001_RegisterAccountTest.verifyAccountRegisteration(TC001_RegisterAccountTest.java:21)
	at java.base/jdk.internal.reflect.DirectMethodHandleAccessor.invoke(DirectMethodHandleAccessor.java:104)
	at java.base/java.lang.reflect.Method.invoke(Method.java:565)
	at org.testng.internal.invokers.MethodInvocationHelper.invokeMethod(MethodInvocationHelper.java:141)
	at org.testng.internal.invokers.TestInvoker.invokeMethod(TestInvoker.java:687)
	at org.testng.internal.invokers.TestInvoker.invokeTestMethod(TestInvoker.java:230)
	at org.testng.internal.invokers.MethodRunner.runInSequence(MethodRunner.java:63)
	at org.testng.internal.invokers.TestInvoker$MethodInvocationAgent.invoke(TestInvoker.java:995)
	at org.testng.internal.invokers.TestInvoker.invokeTestMethods(TestInvoker.java:203)
	at org.testng.internal.invokers.TestMethodWorker.invokeTestMethods(TestMethodWorker.java:154)
	at org.testng.internal.invokers.TestMethodWorker.run(TestMethodWorker.java:134)
	at java.base/java.util.ArrayList.forEach(ArrayList.java:1604)
	at org.testng.TestRunner.privateRun(TestRunner.java:741)
	at org.testng.TestRunner.run(TestRunner.java:616)
	at org.testng.SuiteRunner.runTest(SuiteRunner.java:421)
	at org.testng.SuiteRunner$SuiteWorker.run(SuiteRunner.java:463)
	at org.testng.internal.thread.ThreadUtil.lambda$execute$0(ThreadUtil.java:64)
	at java.base/java.util.concurrent.FutureTask.run(FutureTask.java:328)
	at java.base/java.util.concurrent.ThreadPoolExecutor.runWorker(ThreadPoolExecutor.java:1090)
	at java.base/java.util.concurrent.ThreadPoolExecutor$Worker.run(ThreadPoolExecutor.java:614)
	at java.base/java.lang.Thread.run(Thread.java:1474)
2025-12-08 07:13:45,107 ERROR com.framework.tests.TC001_RegisterAccountTest - Test FAILED due to an unhandled exception.
2025-12-08 07:13:45,109 INFO  com.framework.tests.TC001_RegisterAccountTest - ===== Register Account Test Completed =====
2025-12-08 07:13:45,433 INFO  com.framework.tests.TC001_RegisterAccountTest - Closing WebDriver
2025-12-08 07:13:45,972 INFO  com.framework.tests.TC002_LoginTest - Execution Environment: local
2025-12-08 07:13:45,972 INFO  com.framework.tests.TC002_LoginTest - Browser: edge
2025-12-08 07:13:45,972 INFO  com.framework.tests.TC002_LoginTest - OS: WIN10
2025-12-08 07:13:45,972 INFO  com.framework.driver.DriverFactory - Initializing LOCAL driver for browser: edge
2025-12-08 07:13:48,534 INFO  com.framework.tests.TC002_LoginTest - Navigated to URL: https://tutorialsninja.com/demo/
2025-12-08 07:13:48,539 INFO  com.framework.tests.TC002_LoginTest - ===== Starting Login Test =====
2025-12-08 07:13:48,540 INFO  com.framework.tests.TC002_LoginTest - Navigating to My Account
2025-12-08 07:13:50,039 ERROR com.framework.tests.TC001_RegisterAccountTest - Unexpected Exception Occurred During Test Execution
org.openqa.selenium.TimeoutException: Expected condition failed: waiting for visibility of [[ChromeDriver: chrome on windows (bf7436cc2f04357c27510cc92356f63a)] -> xpath: //span[normalize-space()='My Account']] (tried for 10 second(s) with 500 milliseconds interval)
Build info: version: '4.38.0', revision: '6b412e825c*'
System info: os.name: 'Windows 10', os.arch: 'amd64', os.version: '10.0', java.version: '25'
Driver info: org.openqa.selenium.chrome.ChromeDriver
Capabilities {acceptInsecureCerts: false, browserName: chrome, browserVersion: 143.0.7499.41, chrome: {chromedriverVersion: 143.0.7499.40 (c23ff452476d..., userDataDir: C:\Users\Gowtham\AppData\Lo...}, fedcm:accounts: true, goog:chromeOptions: {debuggerAddress: localhost:51356}, goog:processID: 27912, networkConnectionEnabled: false, pageLoadStrategy: normal, platformName: windows, proxy: Proxy(), se:cdp: ws://localhost:51356/devtoo..., se:cdpVersion: 143.0.7499.41, setWindowRect: true, strictFileInteractability: false, timeouts: {implicit: 0, pageLoad: 300000, script: 30000}, unhandledPromptBehavior: dismiss and notify, webauthn:extension:credBlob: true, webauthn:extension:largeBlob: true, webauthn:extension:minPinLength: true, webauthn:extension:prf: true, webauthn:virtualAuthenticators: true}
Session ID: bf7436cc2f04357c27510cc92356f63a
	at org.openqa.selenium.support.ui.WebDriverWait.timeoutException(WebDriverWait.java:84)
	at org.openqa.selenium.support.ui.FluentWait.until(FluentWait.java:228)
	at com.framework.pages.HomePage.clickOnMyAccount(HomePage.java:28)
	at com.framework.tests.TC001_RegisterAccountTest.verifyAccountRegisteration(TC001_RegisterAccountTest.java:21)
	at java.base/jdk.internal.reflect.DirectMethodHandleAccessor.invoke(DirectMethodHandleAccessor.java:104)
	at java.base/java.lang.reflect.Method.invoke(Method.java:565)
	at org.testng.internal.invokers.MethodInvocationHelper.invokeMethod(MethodInvocationHelper.java:141)
	at org.testng.internal.invokers.TestInvoker.invokeMethod(TestInvoker.java:687)
	at org.testng.internal.invokers.TestInvoker.invokeTestMethod(TestInvoker.java:230)
	at org.testng.internal.invokers.MethodRunner.runInSequence(MethodRunner.java:63)
	at org.testng.internal.invokers.TestInvoker$MethodInvocationAgent.invoke(TestInvoker.java:995)
	at org.testng.internal.invokers.TestInvoker.invokeTestMethods(TestInvoker.java:203)
	at org.testng.internal.invokers.TestMethodWorker.invokeTestMethods(TestMethodWorker.java:154)
	at org.testng.internal.invokers.TestMethodWorker.run(TestMethodWorker.java:134)
	at java.base/java.util.ArrayList.forEach(ArrayList.java:1604)
	at org.testng.TestRunner.privateRun(TestRunner.java:741)
	at org.testng.TestRunner.run(TestRunner.java:616)
	at org.testng.SuiteRunner.runTest(SuiteRunner.java:421)
	at org.testng.SuiteRunner$SuiteWorker.run(SuiteRunner.java:463)
	at org.testng.internal.thread.ThreadUtil.lambda$execute$0(ThreadUtil.java:64)
	at java.base/java.util.concurrent.FutureTask.run(FutureTask.java:328)
	at java.base/java.util.concurrent.ThreadPoolExecutor.runWorker(ThreadPoolExecutor.java:1090)
	at java.base/java.util.concurrent.ThreadPoolExecutor$Worker.run(ThreadPoolExecutor.java:614)
	at java.base/java.lang.Thread.run(Thread.java:1474)
2025-12-08 07:13:50,039 ERROR com.framework.tests.TC001_RegisterAccountTest - Test FAILED due to an unhandled exception.
2025-12-08 07:13:50,039 INFO  com.framework.tests.TC001_RegisterAccountTest - ===== Register Account Test Completed =====
2025-12-08 07:13:50,143 INFO  com.framework.tests.TC001_RegisterAccountTest - Closing WebDriver
2025-12-08 07:13:50,329 INFO  com.framework.tests.TC002_LoginTest - Execution Environment: local
2025-12-08 07:13:50,329 INFO  com.framework.tests.TC002_LoginTest - Browser: chrome
2025-12-08 07:13:50,329 INFO  com.framework.tests.TC002_LoginTest - OS: WIN10
2025-12-08 07:13:50,329 INFO  com.framework.driver.DriverFactory - Initializing LOCAL driver for browser: chrome
2025-12-08 07:13:52,788 INFO  com.framework.tests.TC002_LoginTest - Navigated to URL: https://tutorialsninja.com/demo/
2025-12-08 07:13:52,792 INFO  com.framework.tests.TC002_LoginTest - ===== Starting Login Test =====
2025-12-08 07:13:52,793 INFO  com.framework.tests.TC002_LoginTest - Navigating to My Account
2025-12-08 07:13:58,997 ERROR com.framework.tests.TC002_LoginTest - Unexpected Exception Occurred During Test Execution
org.openqa.selenium.TimeoutException: Expected condition failed: waiting for visibility of [[EdgeDriver: MicrosoftEdge on windows (efd2623bbb989dbc5d595b4cf3d773e4)] -> xpath: //span[normalize-space()='My Account']] (tried for 10 second(s) with 500 milliseconds interval)
Build info: version: '4.38.0', revision: '6b412e825c*'
System info: os.name: 'Windows 10', os.arch: 'amd64', os.version: '10.0', java.version: '25'
Driver info: org.openqa.selenium.edge.EdgeDriver
Capabilities {acceptInsecureCerts: false, browserName: MicrosoftEdge, browserVersion: 143.0.3650.66, fedcm:accounts: true, goog:processID: 13744, ms:edgeOptions: {debuggerAddress: localhost:51384}, msedge: {msedgedriverVersion: 143.0.3650.66 (507b0dd34c3d..., userDataDir: C:\Users\Gowtham\AppData\Lo...}, networkConnectionEnabled: false, pageLoadStrategy: normal, platformName: windows, proxy: Proxy(), se:cdp: ws://localhost:51384/devtoo..., se:cdpVersion: 143.0.3650.66, setWindowRect: true, strictFileInteractability: false, timeouts: {implicit: 0, pageLoad: 300000, script: 30000}, unhandledPromptBehavior: dismiss and notify, webauthn:extension:credBlob: true, webauthn:extension:largeBlob: true, webauthn:extension:minPinLength: true, webauthn:extension:prf: true, webauthn:virtualAuthenticators: true}
Session ID: efd2623bbb989dbc5d595b4cf3d773e4
	at org.openqa.selenium.support.ui.WebDriverWait.timeoutException(WebDriverWait.java:84)
	at org.openqa.selenium.support.ui.FluentWait.until(FluentWait.java:228)
	at com.framework.pages.HomePage.clickOnMyAccount(HomePage.java:28)
	at com.framework.tests.TC002_LoginTest.verifyLogin(TC002_LoginTest.java:20)
	at java.base/jdk.internal.reflect.DirectMethodHandleAccessor.invoke(DirectMethodHandleAccessor.java:104)
	at java.base/java.lang.reflect.Method.invoke(Method.java:565)
	at org.testng.internal.invokers.MethodInvocationHelper.invokeMethod(MethodInvocationHelper.java:141)
	at org.testng.internal.invokers.TestInvoker.invokeMethod(TestInvoker.java:687)
	at org.testng.internal.invokers.TestInvoker.invokeTestMethod(TestInvoker.java:230)
	at org.testng.internal.invokers.MethodRunner.runInSequence(MethodRunner.java:63)
	at org.testng.internal.invokers.TestInvoker$MethodInvocationAgent.invoke(TestInvoker.java:995)
	at org.testng.internal.invokers.TestInvoker.invokeTestMethods(TestInvoker.java:203)
	at org.testng.internal.invokers.TestMethodWorker.invokeTestMethods(TestMethodWorker.java:154)
	at org.testng.internal.invokers.TestMethodWorker.run(TestMethodWorker.java:134)
	at java.base/java.util.ArrayList.forEach(ArrayList.java:1604)
	at org.testng.TestRunner.privateRun(TestRunner.java:741)
	at org.testng.TestRunner.run(TestRunner.java:616)
	at org.testng.SuiteRunner.runTest(SuiteRunner.java:421)
	at org.testng.SuiteRunner$SuiteWorker.run(SuiteRunner.java:463)
	at org.testng.internal.thread.ThreadUtil.lambda$execute$0(ThreadUtil.java:64)
	at java.base/java.util.concurrent.FutureTask.run(FutureTask.java:328)
	at java.base/java.util.concurrent.ThreadPoolExecutor.runWorker(ThreadPoolExecutor.java:1090)
	at java.base/java.util.concurrent.ThreadPoolExecutor$Worker.run(ThreadPoolExecutor.java:614)
	at java.base/java.lang.Thread.run(Thread.java:1474)
2025-12-08 07:13:58,998 INFO  com.framework.tests.TC002_LoginTest - ===== Login Test Completed =====
2025-12-08 07:13:59,256 INFO  com.framework.tests.TC002_LoginTest - Closing WebDriver
2025-12-08 07:14:03,303 ERROR com.framework.tests.TC002_LoginTest - Unexpected Exception Occurred During Test Execution
org.openqa.selenium.TimeoutException: Expected condition failed: waiting for visibility of [[ChromeDriver: chrome on windows (d8e5eda711aac2ace37872c72800384f)] -> xpath: //span[normalize-space()='My Account']] (tried for 10 second(s) with 500 milliseconds interval)
Build info: version: '4.38.0', revision: '6b412e825c*'
System info: os.name: 'Windows 10', os.arch: 'amd64', os.version: '10.0', java.version: '25'
Driver info: org.openqa.selenium.chrome.ChromeDriver
Capabilities {acceptInsecureCerts: false, browserName: chrome, browserVersion: 143.0.7499.41, chrome: {chromedriverVersion: 143.0.7499.40 (c23ff452476d..., userDataDir: C:\Users\Gowtham\AppData\Lo...}, fedcm:accounts: true, goog:chromeOptions: {debuggerAddress: localhost:51416}, goog:processID: 15664, networkConnectionEnabled: false, pageLoadStrategy: normal, platformName: windows, proxy: Proxy(), se:cdp: ws://localhost:51416/devtoo..., se:cdpVersion: 143.0.7499.41, setWindowRect: true, strictFileInteractability: false, timeouts: {implicit: 0, pageLoad: 300000, script: 30000}, unhandledPromptBehavior: dismiss and notify, webauthn:extension:credBlob: true, webauthn:extension:largeBlob: true, webauthn:extension:minPinLength: true, webauthn:extension:prf: true, webauthn:virtualAuthenticators: true}
Session ID: d8e5eda711aac2ace37872c72800384f
	at org.openqa.selenium.support.ui.WebDriverWait.timeoutException(WebDriverWait.java:84)
	at org.openqa.selenium.support.ui.FluentWait.until(FluentWait.java:228)
	at com.framework.pages.HomePage.clickOnMyAccount(HomePage.java:28)
	at com.framework.tests.TC002_LoginTest.verifyLogin(TC002_LoginTest.java:20)
	at java.base/jdk.internal.reflect.DirectMethodHandleAccessor.invoke(DirectMethodHandleAccessor.java:104)
	at java.base/java.lang.reflect.Method.invoke(Method.java:565)
	at org.testng.internal.invokers.MethodInvocationHelper.invokeMethod(MethodInvocationHelper.java:141)
	at org.testng.internal.invokers.TestInvoker.invokeMethod(TestInvoker.java:687)
	at org.testng.internal.invokers.TestInvoker.invokeTestMethod(TestInvoker.java:230)
	at org.testng.internal.invokers.MethodRunner.runInSequence(MethodRunner.java:63)
	at org.testng.internal.invokers.TestInvoker$MethodInvocationAgent.invoke(TestInvoker.java:995)
	at org.testng.internal.invokers.TestInvoker.invokeTestMethods(TestInvoker.java:203)
	at org.testng.internal.invokers.TestMethodWorker.invokeTestMethods(TestMethodWorker.java:154)
	at org.testng.internal.invokers.TestMethodWorker.run(TestMethodWorker.java:134)
	at java.base/java.util.ArrayList.forEach(ArrayList.java:1604)
	at org.testng.TestRunner.privateRun(TestRunner.java:741)
	at org.testng.TestRunner.run(TestRunner.java:616)
	at org.testng.SuiteRunner.runTest(SuiteRunner.java:421)
	at org.testng.SuiteRunner$SuiteWorker.run(SuiteRunner.java:463)
	at org.testng.internal.thread.ThreadUtil.lambda$execute$0(ThreadUtil.java:64)
	at java.base/java.util.concurrent.FutureTask.run(FutureTask.java:328)
	at java.base/java.util.concurrent.ThreadPoolExecutor.runWorker(ThreadPoolExecutor.java:1090)
	at java.base/java.util.concurrent.ThreadPoolExecutor$Worker.run(ThreadPoolExecutor.java:614)
	at java.base/java.lang.Thread.run(Thread.java:1474)
2025-12-08 07:14:03,305 INFO  com.framework.tests.TC002_LoginTest - ===== Login Test Completed =====
2025-12-08 07:14:03,447 INFO  com.framework.tests.TC002_LoginTest - Closing WebDriver
2025-12-08 07:25:39,807 DEBUG org.testng.TestNG - suiteXmlPath: "E:\Automation\eclipse-workspace\hybrid-automation-framework\crossbrowser.xml"
2025-12-08 07:25:40,163 INFO  org.testng.internal.Utils - [TestNG] Running:
  E:\Automation\eclipse-workspace\hybrid-automation-framework\crossbrowser.xml

2025-12-08 07:25:40,453 INFO  com.framework.tests.TC001_RegisterAccountTest - Execution Environment: local
2025-12-08 07:25:40,453 INFO  com.framework.tests.TC001_RegisterAccountTest - Execution Environment: local
2025-12-08 07:25:40,453 INFO  com.framework.tests.TC001_RegisterAccountTest - Browser: edge
2025-12-08 07:25:40,453 INFO  com.framework.tests.TC001_RegisterAccountTest - Browser: chrome
2025-12-08 07:25:40,453 INFO  com.framework.tests.TC001_RegisterAccountTest - OS: WIN10
2025-12-08 07:25:40,453 INFO  com.framework.tests.TC001_RegisterAccountTest - OS: WIN10
2025-12-08 07:25:40,456 INFO  com.framework.driver.DriverFactory - Initializing LOCAL driver for browser: edge
2025-12-08 07:25:40,456 INFO  com.framework.driver.DriverFactory - Initializing LOCAL driver for browser: chrome
2025-12-08 07:25:44,249 INFO  com.framework.tests.TC001_RegisterAccountTest - Navigated to URL: https://tutorialsninja.com/demo/
2025-12-08 07:25:44,298 INFO  com.framework.tests.TC001_RegisterAccountTest - ===== Starting Register Account Test =====
2025-12-08 07:25:44,311 INFO  com.framework.tests.TC001_RegisterAccountTest - Navigated to URL: https://tutorialsninja.com/demo/
2025-12-08 07:25:44,317 INFO  com.framework.tests.TC001_RegisterAccountTest - ===== Starting Register Account Test =====
2025-12-08 07:25:44,343 INFO  com.framework.tests.TC001_RegisterAccountTest - Navigating to My Account
2025-12-08 07:25:44,346 INFO  com.framework.tests.TC001_RegisterAccountTest - Navigating to My Account
2025-12-08 07:25:54,674 ERROR com.framework.tests.TC001_RegisterAccountTest - Unexpected Exception Occurred During Test Execution
org.openqa.selenium.TimeoutException: Expected condition failed: waiting for visibility of [[ChromeDriver: chrome on windows (c645d89fa7e53d7c22d96d83c73c0ce4)] -> xpath: //span[normalize-space()='My Account']] (tried for 10 second(s) with 500 milliseconds interval)
Build info: version: '4.38.0', revision: '6b412e825c*'
System info: os.name: 'Windows 10', os.arch: 'amd64', os.version: '10.0', java.version: '25'
Driver info: org.openqa.selenium.chrome.ChromeDriver
Capabilities {acceptInsecureCerts: false, browserName: chrome, browserVersion: 143.0.7499.41, chrome: {chromedriverVersion: 143.0.7499.40 (c23ff452476d..., userDataDir: C:\Users\Gowtham\AppData\Lo...}, fedcm:accounts: true, goog:chromeOptions: {debuggerAddress: localhost:52075}, goog:processID: 26756, networkConnectionEnabled: false, pageLoadStrategy: normal, platformName: windows, proxy: Proxy(), se:cdp: ws://localhost:52075/devtoo..., se:cdpVersion: 143.0.7499.41, setWindowRect: true, strictFileInteractability: false, timeouts: {implicit: 0, pageLoad: 300000, script: 30000}, unhandledPromptBehavior: dismiss and notify, webauthn:extension:credBlob: true, webauthn:extension:largeBlob: true, webauthn:extension:minPinLength: true, webauthn:extension:prf: true, webauthn:virtualAuthenticators: true}
Session ID: c645d89fa7e53d7c22d96d83c73c0ce4
	at org.openqa.selenium.support.ui.WebDriverWait.timeoutException(WebDriverWait.java:84)
	at org.openqa.selenium.support.ui.FluentWait.until(FluentWait.java:228)
	at com.framework.pages.HomePage.clickOnMyAccount(HomePage.java:28)
	at com.framework.tests.TC001_RegisterAccountTest.verifyAccountRegisteration(TC001_RegisterAccountTest.java:21)
	at java.base/jdk.internal.reflect.DirectMethodHandleAccessor.invoke(DirectMethodHandleAccessor.java:104)
	at java.base/java.lang.reflect.Method.invoke(Method.java:565)
	at org.testng.internal.invokers.MethodInvocationHelper.invokeMethod(MethodInvocationHelper.java:141)
	at org.testng.internal.invokers.TestInvoker.invokeMethod(TestInvoker.java:687)
	at org.testng.internal.invokers.TestInvoker.invokeTestMethod(TestInvoker.java:230)
	at org.testng.internal.invokers.MethodRunner.runInSequence(MethodRunner.java:63)
	at org.testng.internal.invokers.TestInvoker$MethodInvocationAgent.invoke(TestInvoker.java:995)
	at org.testng.internal.invokers.TestInvoker.invokeTestMethods(TestInvoker.java:203)
	at org.testng.internal.invokers.TestMethodWorker.invokeTestMethods(TestMethodWorker.java:154)
	at org.testng.internal.invokers.TestMethodWorker.run(TestMethodWorker.java:134)
	at java.base/java.util.ArrayList.forEach(ArrayList.java:1604)
	at org.testng.TestRunner.privateRun(TestRunner.java:741)
	at org.testng.TestRunner.run(TestRunner.java:616)
	at org.testng.SuiteRunner.runTest(SuiteRunner.java:421)
	at org.testng.SuiteRunner$SuiteWorker.run(SuiteRunner.java:463)
	at org.testng.internal.thread.ThreadUtil.lambda$execute$0(ThreadUtil.java:64)
	at java.base/java.util.concurrent.FutureTask.run(FutureTask.java:328)
	at java.base/java.util.concurrent.ThreadPoolExecutor.runWorker(ThreadPoolExecutor.java:1090)
	at java.base/java.util.concurrent.ThreadPoolExecutor$Worker.run(ThreadPoolExecutor.java:614)
	at java.base/java.lang.Thread.run(Thread.java:1474)
2025-12-08 07:25:54,681 ERROR com.framework.tests.TC001_RegisterAccountTest - Unexpected Exception Occurred During Test Execution
org.openqa.selenium.TimeoutException: Expected condition failed: waiting for visibility of [[EdgeDriver: MicrosoftEdge on windows (89a62ac98403eb0fad19396828cbe53d)] -> xpath: //span[normalize-space()='My Account']] (tried for 10 second(s) with 500 milliseconds interval)
Build info: version: '4.38.0', revision: '6b412e825c*'
System info: os.name: 'Windows 10', os.arch: 'amd64', os.version: '10.0', java.version: '25'
Driver info: org.openqa.selenium.edge.EdgeDriver
Capabilities {acceptInsecureCerts: false, browserName: MicrosoftEdge, browserVersion: 143.0.3650.66, fedcm:accounts: true, goog:processID: 2296, ms:edgeOptions: {debuggerAddress: localhost:52076}, msedge: {msedgedriverVersion: 143.0.3650.66 (507b0dd34c3d..., userDataDir: C:\Users\Gowtham\AppData\Lo...}, networkConnectionEnabled: false, pageLoadStrategy: normal, platformName: windows, proxy: Proxy(), se:cdp: ws://localhost:52076/devtoo..., se:cdpVersion: 143.0.3650.66, setWindowRect: true, strictFileInteractability: false, timeouts: {implicit: 0, pageLoad: 300000, script: 30000}, unhandledPromptBehavior: dismiss and notify, webauthn:extension:credBlob: true, webauthn:extension:largeBlob: true, webauthn:extension:minPinLength: true, webauthn:extension:prf: true, webauthn:virtualAuthenticators: true}
Session ID: 89a62ac98403eb0fad19396828cbe53d
	at org.openqa.selenium.support.ui.WebDriverWait.timeoutException(WebDriverWait.java:84)
	at org.openqa.selenium.support.ui.FluentWait.until(FluentWait.java:228)
	at com.framework.pages.HomePage.clickOnMyAccount(HomePage.java:28)
	at com.framework.tests.TC001_RegisterAccountTest.verifyAccountRegisteration(TC001_RegisterAccountTest.java:21)
	at java.base/jdk.internal.reflect.DirectMethodHandleAccessor.invoke(DirectMethodHandleAccessor.java:104)
	at java.base/java.lang.reflect.Method.invoke(Method.java:565)
	at org.testng.internal.invokers.MethodInvocationHelper.invokeMethod(MethodInvocationHelper.java:141)
	at org.testng.internal.invokers.TestInvoker.invokeMethod(TestInvoker.java:687)
	at org.testng.internal.invokers.TestInvoker.invokeTestMethod(TestInvoker.java:230)
	at org.testng.internal.invokers.MethodRunner.runInSequence(MethodRunner.java:63)
	at org.testng.internal.invokers.TestInvoker$MethodInvocationAgent.invoke(TestInvoker.java:995)
	at org.testng.internal.invokers.TestInvoker.invokeTestMethods(TestInvoker.java:203)
	at org.testng.internal.invokers.TestMethodWorker.invokeTestMethods(TestMethodWorker.java:154)
	at org.testng.internal.invokers.TestMethodWorker.run(TestMethodWorker.java:134)
	at java.base/java.util.ArrayList.forEach(ArrayList.java:1604)
	at org.testng.TestRunner.privateRun(TestRunner.java:741)
	at org.testng.TestRunner.run(TestRunner.java:616)
	at org.testng.SuiteRunner.runTest(SuiteRunner.java:421)
	at org.testng.SuiteRunner$SuiteWorker.run(SuiteRunner.java:463)
	at org.testng.internal.thread.ThreadUtil.lambda$execute$0(ThreadUtil.java:64)
	at java.base/java.util.concurrent.FutureTask.run(FutureTask.java:328)
	at java.base/java.util.concurrent.ThreadPoolExecutor.runWorker(ThreadPoolExecutor.java:1090)
	at java.base/java.util.concurrent.ThreadPoolExecutor$Worker.run(ThreadPoolExecutor.java:614)
	at java.base/java.lang.Thread.run(Thread.java:1474)
2025-12-08 07:25:54,684 ERROR com.framework.tests.TC001_RegisterAccountTest - Test FAILED due to an unhandled exception.
2025-12-08 07:25:54,684 ERROR com.framework.tests.TC001_RegisterAccountTest - Test FAILED due to an unhandled exception.
2025-12-08 07:25:54,688 INFO  com.framework.tests.TC001_RegisterAccountTest - ===== Register Account Test Completed =====
2025-12-08 07:25:54,689 INFO  com.framework.tests.TC001_RegisterAccountTest - ===== Register Account Test Completed =====
2025-12-08 07:25:54,895 INFO  com.framework.tests.TC001_RegisterAccountTest - Closing WebDriver
2025-12-08 07:25:54,907 INFO  com.framework.tests.TC001_RegisterAccountTest - Closing WebDriver
2025-12-08 07:25:55,252 INFO  com.framework.tests.TC002_LoginTest - Execution Environment: local
2025-12-08 07:25:55,253 INFO  com.framework.tests.TC002_LoginTest - Browser: chrome
2025-12-08 07:25:55,253 INFO  com.framework.tests.TC002_LoginTest - OS: WIN10
2025-12-08 07:25:55,253 INFO  com.framework.driver.DriverFactory - Initializing LOCAL driver for browser: chrome
2025-12-08 07:25:55,280 INFO  com.framework.tests.TC002_LoginTest - Execution Environment: local
2025-12-08 07:25:55,280 INFO  com.framework.tests.TC002_LoginTest - Browser: edge
2025-12-08 07:25:55,280 INFO  com.framework.tests.TC002_LoginTest - OS: WIN10
2025-12-08 07:25:55,280 INFO  com.framework.driver.DriverFactory - Initializing LOCAL driver for browser: edge
2025-12-08 07:25:57,664 INFO  com.framework.tests.TC002_LoginTest - Navigated to URL: https://tutorialsninja.com/demo/
2025-12-08 07:25:57,671 INFO  com.framework.tests.TC002_LoginTest - ===== Starting Login Test =====
2025-12-08 07:25:57,672 INFO  com.framework.tests.TC002_LoginTest - Navigating to My Account
2025-12-08 07:25:58,254 INFO  com.framework.tests.TC002_LoginTest - Navigated to URL: https://tutorialsninja.com/demo/
2025-12-08 07:25:58,256 INFO  com.framework.tests.TC002_LoginTest - ===== Starting Login Test =====
2025-12-08 07:25:58,257 INFO  com.framework.tests.TC002_LoginTest - Navigating to My Account
2025-12-08 07:26:08,073 ERROR com.framework.tests.TC002_LoginTest - Unexpected Exception Occurred During Test Execution
org.openqa.selenium.TimeoutException: Expected condition failed: waiting for visibility of [[EdgeDriver: MicrosoftEdge on windows (2c41a4a653c1ea639cb49cb7907d32b7)] -> xpath: //span[normalize-space()='My Account']] (tried for 10 second(s) with 500 milliseconds interval)
Build info: version: '4.38.0', revision: '6b412e825c*'
System info: os.name: 'Windows 10', os.arch: 'amd64', os.version: '10.0', java.version: '25'
Driver info: org.openqa.selenium.edge.EdgeDriver
Capabilities {acceptInsecureCerts: false, browserName: MicrosoftEdge, browserVersion: 143.0.3650.66, fedcm:accounts: true, goog:processID: 7928, ms:edgeOptions: {debuggerAddress: localhost:52143}, msedge: {msedgedriverVersion: 143.0.3650.66 (507b0dd34c3d..., userDataDir: C:\Users\Gowtham\AppData\Lo...}, networkConnectionEnabled: false, pageLoadStrategy: normal, platformName: windows, proxy: Proxy(), se:cdp: ws://localhost:52143/devtoo..., se:cdpVersion: 143.0.3650.66, setWindowRect: true, strictFileInteractability: false, timeouts: {implicit: 0, pageLoad: 300000, script: 30000}, unhandledPromptBehavior: dismiss and notify, webauthn:extension:credBlob: true, webauthn:extension:largeBlob: true, webauthn:extension:minPinLength: true, webauthn:extension:prf: true, webauthn:virtualAuthenticators: true}
Session ID: 2c41a4a653c1ea639cb49cb7907d32b7
	at org.openqa.selenium.support.ui.WebDriverWait.timeoutException(WebDriverWait.java:84)
	at org.openqa.selenium.support.ui.FluentWait.until(FluentWait.java:228)
	at com.framework.pages.HomePage.clickOnMyAccount(HomePage.java:28)
	at com.framework.tests.TC002_LoginTest.verifyLogin(TC002_LoginTest.java:20)
	at java.base/jdk.internal.reflect.DirectMethodHandleAccessor.invoke(DirectMethodHandleAccessor.java:104)
	at java.base/java.lang.reflect.Method.invoke(Method.java:565)
	at org.testng.internal.invokers.MethodInvocationHelper.invokeMethod(MethodInvocationHelper.java:141)
	at org.testng.internal.invokers.TestInvoker.invokeMethod(TestInvoker.java:687)
	at org.testng.internal.invokers.TestInvoker.invokeTestMethod(TestInvoker.java:230)
	at org.testng.internal.invokers.MethodRunner.runInSequence(MethodRunner.java:63)
	at org.testng.internal.invokers.TestInvoker$MethodInvocationAgent.invoke(TestInvoker.java:995)
	at org.testng.internal.invokers.TestInvoker.invokeTestMethods(TestInvoker.java:203)
	at org.testng.internal.invokers.TestMethodWorker.invokeTestMethods(TestMethodWorker.java:154)
	at org.testng.internal.invokers.TestMethodWorker.run(TestMethodWorker.java:134)
	at java.base/java.util.ArrayList.forEach(ArrayList.java:1604)
	at org.testng.TestRunner.privateRun(TestRunner.java:741)
	at org.testng.TestRunner.run(TestRunner.java:616)
	at org.testng.SuiteRunner.runTest(SuiteRunner.java:421)
	at org.testng.SuiteRunner$SuiteWorker.run(SuiteRunner.java:463)
	at org.testng.internal.thread.ThreadUtil.lambda$execute$0(ThreadUtil.java:64)
	at java.base/java.util.concurrent.FutureTask.run(FutureTask.java:328)
	at java.base/java.util.concurrent.ThreadPoolExecutor.runWorker(ThreadPoolExecutor.java:1090)
	at java.base/java.util.concurrent.ThreadPoolExecutor$Worker.run(ThreadPoolExecutor.java:614)
	at java.base/java.lang.Thread.run(Thread.java:1474)
2025-12-08 07:26:08,074 INFO  com.framework.tests.TC002_LoginTest - ===== Login Test Completed =====
2025-12-08 07:26:08,152 INFO  com.framework.tests.TC002_LoginTest - Closing WebDriver
2025-12-08 07:26:08,365 ERROR com.framework.tests.TC002_LoginTest - Unexpected Exception Occurred During Test Execution
org.openqa.selenium.TimeoutException: Expected condition failed: waiting for visibility of [[ChromeDriver: chrome on windows (0e0d0f499d0367a5213a1519c992e8ea)] -> xpath: //span[normalize-space()='My Account']] (tried for 10 second(s) with 500 milliseconds interval)
Build info: version: '4.38.0', revision: '6b412e825c*'
System info: os.name: 'Windows 10', os.arch: 'amd64', os.version: '10.0', java.version: '25'
Driver info: org.openqa.selenium.chrome.ChromeDriver
Capabilities {acceptInsecureCerts: false, browserName: chrome, browserVersion: 143.0.7499.41, chrome: {chromedriverVersion: 143.0.7499.40 (c23ff452476d..., userDataDir: C:\Users\Gowtham\AppData\Lo...}, fedcm:accounts: true, goog:chromeOptions: {debuggerAddress: localhost:52142}, goog:processID: 18988, networkConnectionEnabled: false, pageLoadStrategy: normal, platformName: windows, proxy: Proxy(), se:cdp: ws://localhost:52142/devtoo..., se:cdpVersion: 143.0.7499.41, setWindowRect: true, strictFileInteractability: false, timeouts: {implicit: 0, pageLoad: 300000, script: 30000}, unhandledPromptBehavior: dismiss and notify, webauthn:extension:credBlob: true, webauthn:extension:largeBlob: true, webauthn:extension:minPinLength: true, webauthn:extension:prf: true, webauthn:virtualAuthenticators: true}
Session ID: 0e0d0f499d0367a5213a1519c992e8ea
	at org.openqa.selenium.support.ui.WebDriverWait.timeoutException(WebDriverWait.java:84)
	at org.openqa.selenium.support.ui.FluentWait.until(FluentWait.java:228)
	at com.framework.pages.HomePage.clickOnMyAccount(HomePage.java:28)
	at com.framework.tests.TC002_LoginTest.verifyLogin(TC002_LoginTest.java:20)
	at java.base/jdk.internal.reflect.DirectMethodHandleAccessor.invoke(DirectMethodHandleAccessor.java:104)
	at java.base/java.lang.reflect.Method.invoke(Method.java:565)
	at org.testng.internal.invokers.MethodInvocationHelper.invokeMethod(MethodInvocationHelper.java:141)
	at org.testng.internal.invokers.TestInvoker.invokeMethod(TestInvoker.java:687)
	at org.testng.internal.invokers.TestInvoker.invokeTestMethod(TestInvoker.java:230)
	at org.testng.internal.invokers.MethodRunner.runInSequence(MethodRunner.java:63)
	at org.testng.internal.invokers.TestInvoker$MethodInvocationAgent.invoke(TestInvoker.java:995)
	at org.testng.internal.invokers.TestInvoker.invokeTestMethods(TestInvoker.java:203)
	at org.testng.internal.invokers.TestMethodWorker.invokeTestMethods(TestMethodWorker.java:154)
	at org.testng.internal.invokers.TestMethodWorker.run(TestMethodWorker.java:134)
	at java.base/java.util.ArrayList.forEach(ArrayList.java:1604)
	at org.testng.TestRunner.privateRun(TestRunner.java:741)
	at org.testng.TestRunner.run(TestRunner.java:616)
	at org.testng.SuiteRunner.runTest(SuiteRunner.java:421)
	at org.testng.SuiteRunner$SuiteWorker.run(SuiteRunner.java:463)
	at org.testng.internal.thread.ThreadUtil.lambda$execute$0(ThreadUtil.java:64)
	at java.base/java.util.concurrent.FutureTask.run(FutureTask.java:328)
	at java.base/java.util.concurrent.ThreadPoolExecutor.runWorker(ThreadPoolExecutor.java:1090)
	at java.base/java.util.concurrent.ThreadPoolExecutor$Worker.run(ThreadPoolExecutor.java:614)
	at java.base/java.lang.Thread.run(Thread.java:1474)
2025-12-08 07:26:08,366 INFO  com.framework.tests.TC002_LoginTest - ===== Login Test Completed =====
2025-12-08 07:26:08,509 INFO  com.framework.tests.TC002_LoginTest - Closing WebDriver
2025-12-08 07:26:59,499 DEBUG org.testng.TestNG - suiteXmlPath: "E:\Automation\eclipse-workspace\hybrid-automation-framework\crossbrowser.xml"
2025-12-08 07:27:00,021 INFO  org.testng.internal.Utils - [TestNG] Running:
  E:\Automation\eclipse-workspace\hybrid-automation-framework\crossbrowser.xml

2025-12-08 07:27:00,504 INFO  com.framework.tests.TC001_RegisterAccountTest - Execution Environment: local
2025-12-08 07:27:00,504 INFO  com.framework.tests.TC001_RegisterAccountTest - Execution Environment: local
2025-12-08 07:27:00,505 INFO  com.framework.tests.TC001_RegisterAccountTest - Browser: edge
2025-12-08 07:27:00,505 INFO  com.framework.tests.TC001_RegisterAccountTest - Browser: chrome
2025-12-08 07:27:00,505 INFO  com.framework.tests.TC001_RegisterAccountTest - OS: WIN10
2025-12-08 07:27:00,505 INFO  com.framework.tests.TC001_RegisterAccountTest - OS: WIN10
2025-12-08 07:27:00,508 INFO  com.framework.driver.DriverFactory - Initializing LOCAL driver for browser: chrome
2025-12-08 07:27:00,508 INFO  com.framework.driver.DriverFactory - Initializing LOCAL driver for browser: edge
2025-12-08 07:27:06,430 INFO  com.framework.tests.TC001_RegisterAccountTest - Navigated to URL: https://tutorialsninja.com/demo/
2025-12-08 07:27:06,484 INFO  com.framework.tests.TC001_RegisterAccountTest - ===== Starting Register Account Test =====
2025-12-08 07:27:06,534 INFO  com.framework.tests.TC001_RegisterAccountTest - Navigating to My Account
2025-12-08 07:27:06,569 INFO  com.framework.tests.TC001_RegisterAccountTest - Navigated to URL: https://tutorialsninja.com/demo/
2025-12-08 07:27:06,572 INFO  com.framework.tests.TC001_RegisterAccountTest - ===== Starting Register Account Test =====
2025-12-08 07:27:06,574 INFO  com.framework.tests.TC001_RegisterAccountTest - Navigating to My Account
2025-12-08 07:27:16,986 ERROR com.framework.tests.TC001_RegisterAccountTest - Unexpected Exception Occurred During Test Execution
org.openqa.selenium.TimeoutException: Expected condition failed: waiting for visibility of [[ChromeDriver: chrome on windows (1790c0ac74f7776b883def94689478c1)] -> xpath: //span[normalize-space()='My Account']] (tried for 10 second(s) with 500 milliseconds interval)
Build info: version: '4.38.0', revision: '6b412e825c*'
System info: os.name: 'Windows 10', os.arch: 'amd64', os.version: '10.0', java.version: '25'
Driver info: org.openqa.selenium.chrome.ChromeDriver
Capabilities {acceptInsecureCerts: false, browserName: chrome, browserVersion: 143.0.7499.41, chrome: {chromedriverVersion: 143.0.7499.40 (c23ff452476d..., userDataDir: C:\Users\Gowtham\AppData\Lo...}, fedcm:accounts: true, goog:chromeOptions: {debuggerAddress: localhost:52261}, goog:processID: 14208, networkConnectionEnabled: false, pageLoadStrategy: normal, platformName: windows, proxy: Proxy(), se:cdp: ws://localhost:52261/devtoo..., se:cdpVersion: 143.0.7499.41, setWindowRect: true, strictFileInteractability: false, timeouts: {implicit: 0, pageLoad: 300000, script: 30000}, unhandledPromptBehavior: dismiss and notify, webauthn:extension:credBlob: true, webauthn:extension:largeBlob: true, webauthn:extension:minPinLength: true, webauthn:extension:prf: true, webauthn:virtualAuthenticators: true}
Session ID: 1790c0ac74f7776b883def94689478c1
	at org.openqa.selenium.support.ui.WebDriverWait.timeoutException(WebDriverWait.java:84)
	at org.openqa.selenium.support.ui.FluentWait.until(FluentWait.java:228)
	at com.framework.pages.HomePage.clickOnMyAccount(HomePage.java:28)
	at com.framework.tests.TC001_RegisterAccountTest.verifyAccountRegisteration(TC001_RegisterAccountTest.java:21)
	at java.base/jdk.internal.reflect.DirectMethodHandleAccessor.invoke(DirectMethodHandleAccessor.java:104)
	at java.base/java.lang.reflect.Method.invoke(Method.java:565)
	at org.testng.internal.invokers.MethodInvocationHelper.invokeMethod(MethodInvocationHelper.java:141)
	at org.testng.internal.invokers.TestInvoker.invokeMethod(TestInvoker.java:687)
	at org.testng.internal.invokers.TestInvoker.invokeTestMethod(TestInvoker.java:230)
	at org.testng.internal.invokers.MethodRunner.runInSequence(MethodRunner.java:63)
	at org.testng.internal.invokers.TestInvoker$MethodInvocationAgent.invoke(TestInvoker.java:995)
	at org.testng.internal.invokers.TestInvoker.invokeTestMethods(TestInvoker.java:203)
	at org.testng.internal.invokers.TestMethodWorker.invokeTestMethods(TestMethodWorker.java:154)
	at org.testng.internal.invokers.TestMethodWorker.run(TestMethodWorker.java:134)
	at java.base/java.util.ArrayList.forEach(ArrayList.java:1604)
	at org.testng.TestRunner.privateRun(TestRunner.java:741)
	at org.testng.TestRunner.run(TestRunner.java:616)
	at org.testng.SuiteRunner.runTest(SuiteRunner.java:421)
	at org.testng.SuiteRunner$SuiteWorker.run(SuiteRunner.java:463)
	at org.testng.internal.thread.ThreadUtil.lambda$execute$0(ThreadUtil.java:64)
	at java.base/java.util.concurrent.FutureTask.run(FutureTask.java:328)
	at java.base/java.util.concurrent.ThreadPoolExecutor.runWorker(ThreadPoolExecutor.java:1090)
	at java.base/java.util.concurrent.ThreadPoolExecutor$Worker.run(ThreadPoolExecutor.java:614)
	at java.base/java.lang.Thread.run(Thread.java:1474)
2025-12-08 07:27:16,989 ERROR com.framework.tests.TC001_RegisterAccountTest - Test FAILED due to an unhandled exception.
2025-12-08 07:27:16,992 INFO  com.framework.tests.TC001_RegisterAccountTest - ===== Register Account Test Completed =====
2025-12-08 07:27:17,498 ERROR com.framework.tests.TC001_RegisterAccountTest - Unexpected Exception Occurred During Test Execution
org.openqa.selenium.TimeoutException: Expected condition failed: waiting for visibility of [[EdgeDriver: MicrosoftEdge on windows (21b45d59646236fba4ac29549aeec7e0)] -> xpath: //span[normalize-space()='My Account']] (tried for 10 second(s) with 500 milliseconds interval)
Build info: version: '4.38.0', revision: '6b412e825c*'
System info: os.name: 'Windows 10', os.arch: 'amd64', os.version: '10.0', java.version: '25'
Driver info: org.openqa.selenium.edge.EdgeDriver
Capabilities {acceptInsecureCerts: false, browserName: MicrosoftEdge, browserVersion: 143.0.3650.66, fedcm:accounts: true, goog:processID: 19624, ms:edgeOptions: {debuggerAddress: localhost:52260}, msedge: {msedgedriverVersion: 143.0.3650.66 (507b0dd34c3d..., userDataDir: C:\Users\Gowtham\AppData\Lo...}, networkConnectionEnabled: false, pageLoadStrategy: normal, platformName: windows, proxy: Proxy(), se:cdp: ws://localhost:52260/devtoo..., se:cdpVersion: 143.0.3650.66, setWindowRect: true, strictFileInteractability: false, timeouts: {implicit: 0, pageLoad: 300000, script: 30000}, unhandledPromptBehavior: dismiss and notify, webauthn:extension:credBlob: true, webauthn:extension:largeBlob: true, webauthn:extension:minPinLength: true, webauthn:extension:prf: true, webauthn:virtualAuthenticators: true}
Session ID: 21b45d59646236fba4ac29549aeec7e0
	at org.openqa.selenium.support.ui.WebDriverWait.timeoutException(WebDriverWait.java:84)
	at org.openqa.selenium.support.ui.FluentWait.until(FluentWait.java:228)
	at com.framework.pages.HomePage.clickOnMyAccount(HomePage.java:28)
	at com.framework.tests.TC001_RegisterAccountTest.verifyAccountRegisteration(TC001_RegisterAccountTest.java:21)
	at java.base/jdk.internal.reflect.DirectMethodHandleAccessor.invoke(DirectMethodHandleAccessor.java:104)
	at java.base/java.lang.reflect.Method.invoke(Method.java:565)
	at org.testng.internal.invokers.MethodInvocationHelper.invokeMethod(MethodInvocationHelper.java:141)
	at org.testng.internal.invokers.TestInvoker.invokeMethod(TestInvoker.java:687)
	at org.testng.internal.invokers.TestInvoker.invokeTestMethod(TestInvoker.java:230)
	at org.testng.internal.invokers.MethodRunner.runInSequence(MethodRunner.java:63)
	at org.testng.internal.invokers.TestInvoker$MethodInvocationAgent.invoke(TestInvoker.java:995)
	at org.testng.internal.invokers.TestInvoker.invokeTestMethods(TestInvoker.java:203)
	at org.testng.internal.invokers.TestMethodWorker.invokeTestMethods(TestMethodWorker.java:154)
	at org.testng.internal.invokers.TestMethodWorker.run(TestMethodWorker.java:134)
	at java.base/java.util.ArrayList.forEach(ArrayList.java:1604)
	at org.testng.TestRunner.privateRun(TestRunner.java:741)
	at org.testng.TestRunner.run(TestRunner.java:616)
	at org.testng.SuiteRunner.runTest(SuiteRunner.java:421)
	at org.testng.SuiteRunner$SuiteWorker.run(SuiteRunner.java:463)
	at org.testng.internal.thread.ThreadUtil.lambda$execute$0(ThreadUtil.java:64)
	at java.base/java.util.concurrent.FutureTask.run(FutureTask.java:328)
	at java.base/java.util.concurrent.ThreadPoolExecutor.runWorker(ThreadPoolExecutor.java:1090)
	at java.base/java.util.concurrent.ThreadPoolExecutor$Worker.run(ThreadPoolExecutor.java:614)
	at java.base/java.lang.Thread.run(Thread.java:1474)
2025-12-08 07:27:17,499 ERROR com.framework.tests.TC001_RegisterAccountTest - Test FAILED due to an unhandled exception.
2025-12-08 07:27:17,499 INFO  com.framework.tests.TC001_RegisterAccountTest - ===== Register Account Test Completed =====
2025-12-08 07:27:17,545 INFO  com.framework.tests.TC001_RegisterAccountTest - Closing WebDriver
2025-12-08 07:27:17,797 INFO  com.framework.tests.TC001_RegisterAccountTest - Closing WebDriver
2025-12-08 07:27:19,646 INFO  com.framework.tests.TC002_LoginTest - Execution Environment: local
2025-12-08 07:27:19,646 INFO  com.framework.tests.TC002_LoginTest - Browser: chrome
2025-12-08 07:27:19,646 INFO  com.framework.tests.TC002_LoginTest - OS: WIN10
2025-12-08 07:27:19,646 INFO  com.framework.driver.DriverFactory - Initializing LOCAL driver for browser: chrome
2025-12-08 07:27:19,898 INFO  com.framework.tests.TC002_LoginTest - Execution Environment: local
2025-12-08 07:27:19,898 INFO  com.framework.tests.TC002_LoginTest - Browser: edge
2025-12-08 07:27:19,899 INFO  com.framework.tests.TC002_LoginTest - OS: WIN10
2025-12-08 07:27:19,899 INFO  com.framework.driver.DriverFactory - Initializing LOCAL driver for browser: edge
2025-12-08 07:27:24,656 INFO  com.framework.tests.TC002_LoginTest - Navigated to URL: https://tutorialsninja.com/demo/
2025-12-08 07:27:24,662 INFO  com.framework.tests.TC002_LoginTest - ===== Starting Login Test =====
2025-12-08 07:27:24,663 INFO  com.framework.tests.TC002_LoginTest - Navigating to My Account
2025-12-08 07:27:24,696 INFO  com.framework.tests.TC002_LoginTest - Navigated to URL: https://tutorialsninja.com/demo/
2025-12-08 07:27:24,700 INFO  com.framework.tests.TC002_LoginTest - ===== Starting Login Test =====
2025-12-08 07:27:24,701 INFO  com.framework.tests.TC002_LoginTest - Navigating to My Account
2025-12-08 07:27:34,987 ERROR com.framework.tests.TC002_LoginTest - Unexpected Exception Occurred During Test Execution
org.openqa.selenium.TimeoutException: Expected condition failed: waiting for visibility of [[ChromeDriver: chrome on windows (dd34c2850d5bfd9a13a0791e9de17030)] -> xpath: //span[normalize-space()='My Account']] (tried for 10 second(s) with 500 milliseconds interval)
Build info: version: '4.38.0', revision: '6b412e825c*'
System info: os.name: 'Windows 10', os.arch: 'amd64', os.version: '10.0', java.version: '25'
Driver info: org.openqa.selenium.chrome.ChromeDriver
Capabilities {acceptInsecureCerts: false, browserName: chrome, browserVersion: 143.0.7499.41, chrome: {chromedriverVersion: 143.0.7499.40 (c23ff452476d..., userDataDir: C:\Users\Gowtham\AppData\Lo...}, fedcm:accounts: true, goog:chromeOptions: {debuggerAddress: localhost:52335}, goog:processID: 24376, networkConnectionEnabled: false, pageLoadStrategy: normal, platformName: windows, proxy: Proxy(), se:cdp: ws://localhost:52335/devtoo..., se:cdpVersion: 143.0.7499.41, setWindowRect: true, strictFileInteractability: false, timeouts: {implicit: 0, pageLoad: 300000, script: 30000}, unhandledPromptBehavior: dismiss and notify, webauthn:extension:credBlob: true, webauthn:extension:largeBlob: true, webauthn:extension:minPinLength: true, webauthn:extension:prf: true, webauthn:virtualAuthenticators: true}
Session ID: dd34c2850d5bfd9a13a0791e9de17030
	at org.openqa.selenium.support.ui.WebDriverWait.timeoutException(WebDriverWait.java:84)
	at org.openqa.selenium.support.ui.FluentWait.until(FluentWait.java:228)
	at com.framework.pages.HomePage.clickOnMyAccount(HomePage.java:28)
	at com.framework.tests.TC002_LoginTest.verifyLogin(TC002_LoginTest.java:20)
	at java.base/jdk.internal.reflect.DirectMethodHandleAccessor.invoke(DirectMethodHandleAccessor.java:104)
	at java.base/java.lang.reflect.Method.invoke(Method.java:565)
	at org.testng.internal.invokers.MethodInvocationHelper.invokeMethod(MethodInvocationHelper.java:141)
	at org.testng.internal.invokers.TestInvoker.invokeMethod(TestInvoker.java:687)
	at org.testng.internal.invokers.TestInvoker.invokeTestMethod(TestInvoker.java:230)
	at org.testng.internal.invokers.MethodRunner.runInSequence(MethodRunner.java:63)
	at org.testng.internal.invokers.TestInvoker$MethodInvocationAgent.invoke(TestInvoker.java:995)
	at org.testng.internal.invokers.TestInvoker.invokeTestMethods(TestInvoker.java:203)
	at org.testng.internal.invokers.TestMethodWorker.invokeTestMethods(TestMethodWorker.java:154)
	at org.testng.internal.invokers.TestMethodWorker.run(TestMethodWorker.java:134)
	at java.base/java.util.ArrayList.forEach(ArrayList.java:1604)
	at org.testng.TestRunner.privateRun(TestRunner.java:741)
	at org.testng.TestRunner.run(TestRunner.java:616)
	at org.testng.SuiteRunner.runTest(SuiteRunner.java:421)
	at org.testng.SuiteRunner$SuiteWorker.run(SuiteRunner.java:463)
	at org.testng.internal.thread.ThreadUtil.lambda$execute$0(ThreadUtil.java:64)
	at java.base/java.util.concurrent.FutureTask.run(FutureTask.java:328)
	at java.base/java.util.concurrent.ThreadPoolExecutor.runWorker(ThreadPoolExecutor.java:1090)
	at java.base/java.util.concurrent.ThreadPoolExecutor$Worker.run(ThreadPoolExecutor.java:614)
	at java.base/java.lang.Thread.run(Thread.java:1474)
2025-12-08 07:27:34,988 INFO  com.framework.tests.TC002_LoginTest - ===== Login Test Completed =====
2025-12-08 07:27:35,008 ERROR com.framework.tests.TC002_LoginTest - Unexpected Exception Occurred During Test Execution
org.openqa.selenium.TimeoutException: Expected condition failed: waiting for visibility of [[EdgeDriver: MicrosoftEdge on windows (089bc1cbd2ff060270e71254a5ff686c)] -> xpath: //span[normalize-space()='My Account']] (tried for 10 second(s) with 500 milliseconds interval)
Build info: version: '4.38.0', revision: '6b412e825c*'
System info: os.name: 'Windows 10', os.arch: 'amd64', os.version: '10.0', java.version: '25'
Driver info: org.openqa.selenium.edge.EdgeDriver
Capabilities {acceptInsecureCerts: false, browserName: MicrosoftEdge, browserVersion: 143.0.3650.66, fedcm:accounts: true, goog:processID: 19836, ms:edgeOptions: {debuggerAddress: localhost:52343}, msedge: {msedgedriverVersion: 143.0.3650.66 (507b0dd34c3d..., userDataDir: C:\Users\Gowtham\AppData\Lo...}, networkConnectionEnabled: false, pageLoadStrategy: normal, platformName: windows, proxy: Proxy(), se:cdp: ws://localhost:52343/devtoo..., se:cdpVersion: 143.0.3650.66, setWindowRect: true, strictFileInteractability: false, timeouts: {implicit: 0, pageLoad: 300000, script: 30000}, unhandledPromptBehavior: dismiss and notify, webauthn:extension:credBlob: true, webauthn:extension:largeBlob: true, webauthn:extension:minPinLength: true, webauthn:extension:prf: true, webauthn:virtualAuthenticators: true}
Session ID: 089bc1cbd2ff060270e71254a5ff686c
	at org.openqa.selenium.support.ui.WebDriverWait.timeoutException(WebDriverWait.java:84)
	at org.openqa.selenium.support.ui.FluentWait.until(FluentWait.java:228)
	at com.framework.pages.HomePage.clickOnMyAccount(HomePage.java:28)
	at com.framework.tests.TC002_LoginTest.verifyLogin(TC002_LoginTest.java:20)
	at java.base/jdk.internal.reflect.DirectMethodHandleAccessor.invoke(DirectMethodHandleAccessor.java:104)
	at java.base/java.lang.reflect.Method.invoke(Method.java:565)
	at org.testng.internal.invokers.MethodInvocationHelper.invokeMethod(MethodInvocationHelper.java:141)
	at org.testng.internal.invokers.TestInvoker.invokeMethod(TestInvoker.java:687)
	at org.testng.internal.invokers.TestInvoker.invokeTestMethod(TestInvoker.java:230)
	at org.testng.internal.invokers.MethodRunner.runInSequence(MethodRunner.java:63)
	at org.testng.internal.invokers.TestInvoker$MethodInvocationAgent.invoke(TestInvoker.java:995)
	at org.testng.internal.invokers.TestInvoker.invokeTestMethods(TestInvoker.java:203)
	at org.testng.internal.invokers.TestMethodWorker.invokeTestMethods(TestMethodWorker.java:154)
	at org.testng.internal.invokers.TestMethodWorker.run(TestMethodWorker.java:134)
	at java.base/java.util.ArrayList.forEach(ArrayList.java:1604)
	at org.testng.TestRunner.privateRun(TestRunner.java:741)
	at org.testng.TestRunner.run(TestRunner.java:616)
	at org.testng.SuiteRunner.runTest(SuiteRunner.java:421)
	at org.testng.SuiteRunner$SuiteWorker.run(SuiteRunner.java:463)
	at org.testng.internal.thread.ThreadUtil.lambda$execute$0(ThreadUtil.java:64)
	at java.base/java.util.concurrent.FutureTask.run(FutureTask.java:328)
	at java.base/java.util.concurrent.ThreadPoolExecutor.runWorker(ThreadPoolExecutor.java:1090)
	at java.base/java.util.concurrent.ThreadPoolExecutor$Worker.run(ThreadPoolExecutor.java:614)
	at java.base/java.lang.Thread.run(Thread.java:1474)
2025-12-08 07:27:35,010 INFO  com.framework.tests.TC002_LoginTest - ===== Login Test Completed =====
2025-12-08 07:27:35,170 INFO  com.framework.tests.TC002_LoginTest - Closing WebDriver
2025-12-08 07:27:35,227 INFO  com.framework.tests.TC002_LoginTest - Closing WebDriver
2025-12-08 07:28:39,735 DEBUG org.testng.TestNG - suiteXmlPath: "E:\Automation\eclipse-workspace\hybrid-automation-framework\crossbrowser.xml"
2025-12-08 07:28:40,455 INFO  org.testng.internal.Utils - [TestNG] Running:
  E:\Automation\eclipse-workspace\hybrid-automation-framework\crossbrowser.xml

2025-12-08 07:28:40,864 INFO  com.framework.tests.TC001_RegisterAccountTest - Execution Environment: local
2025-12-08 07:28:40,865 INFO  com.framework.tests.TC001_RegisterAccountTest - Browser: chrome
2025-12-08 07:28:40,865 INFO  com.framework.tests.TC001_RegisterAccountTest - OS: WIN10
2025-12-08 07:28:40,868 INFO  com.framework.driver.DriverFactory - Initializing LOCAL driver for browser: chrome
2025-12-08 07:28:41,030 INFO  com.framework.tests.TC001_RegisterAccountTest - Execution Environment: local
2025-12-08 07:28:41,030 INFO  com.framework.tests.TC001_RegisterAccountTest - Browser: edge
2025-12-08 07:28:41,030 INFO  com.framework.tests.TC001_RegisterAccountTest - OS: WIN10
2025-12-08 07:28:41,030 INFO  com.framework.driver.DriverFactory - Initializing LOCAL driver for browser: edge
2025-12-08 07:28:47,144 INFO  com.framework.tests.TC001_RegisterAccountTest - Navigated to URL: https://tutorialsninja.com/demo/
2025-12-08 07:28:47,198 INFO  com.framework.tests.TC001_RegisterAccountTest - ===== Starting Register Account Test =====
2025-12-08 07:28:47,272 INFO  com.framework.tests.TC001_RegisterAccountTest - Navigating to My Account
2025-12-08 07:28:47,310 INFO  com.framework.tests.TC001_RegisterAccountTest - Navigated to URL: https://tutorialsninja.com/demo/
2025-12-08 07:28:47,314 INFO  com.framework.tests.TC001_RegisterAccountTest - ===== Starting Register Account Test =====
2025-12-08 07:28:47,314 INFO  com.framework.tests.TC001_RegisterAccountTest - Navigating to My Account
2025-12-08 07:28:57,535 ERROR com.framework.tests.TC001_RegisterAccountTest - Unexpected Exception Occurred During Test Execution
org.openqa.selenium.TimeoutException: Expected condition failed: waiting for visibility of [[ChromeDriver: chrome on windows (6eebd2b7d010b4e2a9646c7002b5d5bd)] -> xpath: //span[normalize-space()='My Account']] (tried for 10 second(s) with 500 milliseconds interval)
Build info: version: '4.38.0', revision: '6b412e825c*'
System info: os.name: 'Windows 10', os.arch: 'amd64', os.version: '10.0', java.version: '25'
Driver info: org.openqa.selenium.chrome.ChromeDriver
Capabilities {acceptInsecureCerts: false, browserName: chrome, browserVersion: 143.0.7499.41, chrome: {chromedriverVersion: 143.0.7499.40 (c23ff452476d..., userDataDir: C:\Users\Gowtham\AppData\Lo...}, fedcm:accounts: true, goog:chromeOptions: {debuggerAddress: localhost:52472}, goog:processID: 21472, networkConnectionEnabled: false, pageLoadStrategy: normal, platformName: windows, proxy: Proxy(), se:cdp: ws://localhost:52472/devtoo..., se:cdpVersion: 143.0.7499.41, setWindowRect: true, strictFileInteractability: false, timeouts: {implicit: 0, pageLoad: 300000, script: 30000}, unhandledPromptBehavior: dismiss and notify, webauthn:extension:credBlob: true, webauthn:extension:largeBlob: true, webauthn:extension:minPinLength: true, webauthn:extension:prf: true, webauthn:virtualAuthenticators: true}
Session ID: 6eebd2b7d010b4e2a9646c7002b5d5bd
	at org.openqa.selenium.support.ui.WebDriverWait.timeoutException(WebDriverWait.java:84)
	at org.openqa.selenium.support.ui.FluentWait.until(FluentWait.java:228)
	at com.framework.pages.HomePage.clickOnMyAccount(HomePage.java:28)
	at com.framework.tests.TC001_RegisterAccountTest.verifyAccountRegisteration(TC001_RegisterAccountTest.java:21)
	at java.base/jdk.internal.reflect.DirectMethodHandleAccessor.invoke(DirectMethodHandleAccessor.java:104)
	at java.base/java.lang.reflect.Method.invoke(Method.java:565)
	at org.testng.internal.invokers.MethodInvocationHelper.invokeMethod(MethodInvocationHelper.java:141)
	at org.testng.internal.invokers.TestInvoker.invokeMethod(TestInvoker.java:687)
	at org.testng.internal.invokers.TestInvoker.invokeTestMethod(TestInvoker.java:230)
	at org.testng.internal.invokers.MethodRunner.runInSequence(MethodRunner.java:63)
	at org.testng.internal.invokers.TestInvoker$MethodInvocationAgent.invoke(TestInvoker.java:995)
	at org.testng.internal.invokers.TestInvoker.invokeTestMethods(TestInvoker.java:203)
	at org.testng.internal.invokers.TestMethodWorker.invokeTestMethods(TestMethodWorker.java:154)
	at org.testng.internal.invokers.TestMethodWorker.run(TestMethodWorker.java:134)
	at java.base/java.util.ArrayList.forEach(ArrayList.java:1604)
	at org.testng.TestRunner.privateRun(TestRunner.java:741)
	at org.testng.TestRunner.run(TestRunner.java:616)
	at org.testng.SuiteRunner.runTest(SuiteRunner.java:421)
	at org.testng.SuiteRunner$SuiteWorker.run(SuiteRunner.java:463)
	at org.testng.internal.thread.ThreadUtil.lambda$execute$0(ThreadUtil.java:64)
	at java.base/java.util.concurrent.FutureTask.run(FutureTask.java:328)
	at java.base/java.util.concurrent.ThreadPoolExecutor.runWorker(ThreadPoolExecutor.java:1090)
	at java.base/java.util.concurrent.ThreadPoolExecutor$Worker.run(ThreadPoolExecutor.java:614)
	at java.base/java.lang.Thread.run(Thread.java:1474)
2025-12-08 07:28:57,539 ERROR com.framework.tests.TC001_RegisterAccountTest - Test FAILED due to an unhandled exception.
2025-12-08 07:28:57,542 INFO  com.framework.tests.TC001_RegisterAccountTest - ===== Register Account Test Completed =====
2025-12-08 07:28:57,782 INFO  com.framework.tests.TC001_RegisterAccountTest - Closing WebDriver
2025-12-08 07:28:57,900 ERROR com.framework.tests.TC001_RegisterAccountTest - Unexpected Exception Occurred During Test Execution
org.openqa.selenium.TimeoutException: Expected condition failed: waiting for visibility of [[EdgeDriver: MicrosoftEdge on windows (6096933165e8ebfc4c4bce89fc3280b2)] -> xpath: //span[normalize-space()='My Account']] (tried for 10 second(s) with 500 milliseconds interval)
Build info: version: '4.38.0', revision: '6b412e825c*'
System info: os.name: 'Windows 10', os.arch: 'amd64', os.version: '10.0', java.version: '25'
Driver info: org.openqa.selenium.edge.EdgeDriver
Capabilities {acceptInsecureCerts: false, browserName: MicrosoftEdge, browserVersion: 143.0.3650.66, fedcm:accounts: true, goog:processID: 832, ms:edgeOptions: {debuggerAddress: localhost:52473}, msedge: {msedgedriverVersion: 143.0.3650.66 (507b0dd34c3d..., userDataDir: C:\Users\Gowtham\AppData\Lo...}, networkConnectionEnabled: false, pageLoadStrategy: normal, platformName: windows, proxy: Proxy(), se:cdp: ws://localhost:52473/devtoo..., se:cdpVersion: 143.0.3650.66, setWindowRect: true, strictFileInteractability: false, timeouts: {implicit: 0, pageLoad: 300000, script: 30000}, unhandledPromptBehavior: dismiss and notify, webauthn:extension:credBlob: true, webauthn:extension:largeBlob: true, webauthn:extension:minPinLength: true, webauthn:extension:prf: true, webauthn:virtualAuthenticators: true}
Session ID: 6096933165e8ebfc4c4bce89fc3280b2
	at org.openqa.selenium.support.ui.WebDriverWait.timeoutException(WebDriverWait.java:84)
	at org.openqa.selenium.support.ui.FluentWait.until(FluentWait.java:228)
	at com.framework.pages.HomePage.clickOnMyAccount(HomePage.java:28)
	at com.framework.tests.TC001_RegisterAccountTest.verifyAccountRegisteration(TC001_RegisterAccountTest.java:21)
	at java.base/jdk.internal.reflect.DirectMethodHandleAccessor.invoke(DirectMethodHandleAccessor.java:104)
	at java.base/java.lang.reflect.Method.invoke(Method.java:565)
	at org.testng.internal.invokers.MethodInvocationHelper.invokeMethod(MethodInvocationHelper.java:141)
	at org.testng.internal.invokers.TestInvoker.invokeMethod(TestInvoker.java:687)
	at org.testng.internal.invokers.TestInvoker.invokeTestMethod(TestInvoker.java:230)
	at org.testng.internal.invokers.MethodRunner.runInSequence(MethodRunner.java:63)
	at org.testng.internal.invokers.TestInvoker$MethodInvocationAgent.invoke(TestInvoker.java:995)
	at org.testng.internal.invokers.TestInvoker.invokeTestMethods(TestInvoker.java:203)
	at org.testng.internal.invokers.TestMethodWorker.invokeTestMethods(TestMethodWorker.java:154)
	at org.testng.internal.invokers.TestMethodWorker.run(TestMethodWorker.java:134)
	at java.base/java.util.ArrayList.forEach(ArrayList.java:1604)
	at org.testng.TestRunner.privateRun(TestRunner.java:741)
	at org.testng.TestRunner.run(TestRunner.java:616)
	at org.testng.SuiteRunner.runTest(SuiteRunner.java:421)
	at org.testng.SuiteRunner$SuiteWorker.run(SuiteRunner.java:463)
	at org.testng.internal.thread.ThreadUtil.lambda$execute$0(ThreadUtil.java:64)
	at java.base/java.util.concurrent.FutureTask.run(FutureTask.java:328)
	at java.base/java.util.concurrent.ThreadPoolExecutor.runWorker(ThreadPoolExecutor.java:1090)
	at java.base/java.util.concurrent.ThreadPoolExecutor$Worker.run(ThreadPoolExecutor.java:614)
	at java.base/java.lang.Thread.run(Thread.java:1474)
2025-12-08 07:28:57,901 ERROR com.framework.tests.TC001_RegisterAccountTest - Test FAILED due to an unhandled exception.
2025-12-08 07:28:57,902 INFO  com.framework.tests.TC001_RegisterAccountTest - ===== Register Account Test Completed =====
2025-12-08 07:28:58,211 INFO  com.framework.tests.TC001_RegisterAccountTest - Closing WebDriver
2025-12-08 07:29:00,289 INFO  com.framework.tests.TC002_LoginTest - Execution Environment: local
2025-12-08 07:29:00,290 INFO  com.framework.tests.TC002_LoginTest - Browser: chrome
2025-12-08 07:29:00,290 INFO  com.framework.tests.TC002_LoginTest - OS: WIN10
2025-12-08 07:29:00,290 INFO  com.framework.driver.DriverFactory - Initializing LOCAL driver for browser: chrome
2025-12-08 07:29:04,343 INFO  com.framework.tests.TC002_LoginTest - Execution Environment: local
2025-12-08 07:29:04,344 INFO  com.framework.tests.TC002_LoginTest - Browser: edge
2025-12-08 07:29:04,344 INFO  com.framework.tests.TC002_LoginTest - OS: WIN10
2025-12-08 07:29:04,345 INFO  com.framework.driver.DriverFactory - Initializing LOCAL driver for browser: edge
2025-12-08 07:29:04,432 INFO  com.framework.tests.TC002_LoginTest - Navigated to URL: https://tutorialsninja.com/demo/
2025-12-08 07:29:04,436 INFO  com.framework.tests.TC002_LoginTest - ===== Starting Login Test =====
2025-12-08 07:29:04,436 INFO  com.framework.tests.TC002_LoginTest - Navigating to My Account
2025-12-08 07:29:09,288 INFO  com.framework.tests.TC002_LoginTest - Navigated to URL: https://tutorialsninja.com/demo/
2025-12-08 07:29:09,291 INFO  com.framework.tests.TC002_LoginTest - ===== Starting Login Test =====
2025-12-08 07:29:09,292 INFO  com.framework.tests.TC002_LoginTest - Navigating to My Account
2025-12-08 07:29:14,642 ERROR com.framework.tests.TC002_LoginTest - Unexpected Exception Occurred During Test Execution
org.openqa.selenium.TimeoutException: Expected condition failed: waiting for visibility of [[ChromeDriver: chrome on windows (49d4181054feae2e1c402c5a69e2da28)] -> xpath: //span[normalize-space()='My Account']] (tried for 10 second(s) with 500 milliseconds interval)
Build info: version: '4.38.0', revision: '6b412e825c*'
System info: os.name: 'Windows 10', os.arch: 'amd64', os.version: '10.0', java.version: '25'
Driver info: org.openqa.selenium.chrome.ChromeDriver
Capabilities {acceptInsecureCerts: false, browserName: chrome, browserVersion: 143.0.7499.41, chrome: {chromedriverVersion: 143.0.7499.40 (c23ff452476d..., userDataDir: C:\Users\Gowtham\AppData\Lo...}, fedcm:accounts: true, goog:chromeOptions: {debuggerAddress: localhost:52549}, goog:processID: 30124, networkConnectionEnabled: false, pageLoadStrategy: normal, platformName: windows, proxy: Proxy(), se:cdp: ws://localhost:52549/devtoo..., se:cdpVersion: 143.0.7499.41, setWindowRect: true, strictFileInteractability: false, timeouts: {implicit: 0, pageLoad: 300000, script: 30000}, unhandledPromptBehavior: dismiss and notify, webauthn:extension:credBlob: true, webauthn:extension:largeBlob: true, webauthn:extension:minPinLength: true, webauthn:extension:prf: true, webauthn:virtualAuthenticators: true}
Session ID: 49d4181054feae2e1c402c5a69e2da28
	at org.openqa.selenium.support.ui.WebDriverWait.timeoutException(WebDriverWait.java:84)
	at org.openqa.selenium.support.ui.FluentWait.until(FluentWait.java:228)
	at com.framework.pages.HomePage.clickOnMyAccount(HomePage.java:28)
	at com.framework.tests.TC002_LoginTest.verifyLogin(TC002_LoginTest.java:20)
	at java.base/jdk.internal.reflect.DirectMethodHandleAccessor.invoke(DirectMethodHandleAccessor.java:104)
	at java.base/java.lang.reflect.Method.invoke(Method.java:565)
	at org.testng.internal.invokers.MethodInvocationHelper.invokeMethod(MethodInvocationHelper.java:141)
	at org.testng.internal.invokers.TestInvoker.invokeMethod(TestInvoker.java:687)
	at org.testng.internal.invokers.TestInvoker.invokeTestMethod(TestInvoker.java:230)
	at org.testng.internal.invokers.MethodRunner.runInSequence(MethodRunner.java:63)
	at org.testng.internal.invokers.TestInvoker$MethodInvocationAgent.invoke(TestInvoker.java:995)
	at org.testng.internal.invokers.TestInvoker.invokeTestMethods(TestInvoker.java:203)
	at org.testng.internal.invokers.TestMethodWorker.invokeTestMethods(TestMethodWorker.java:154)
	at org.testng.internal.invokers.TestMethodWorker.run(TestMethodWorker.java:134)
	at java.base/java.util.ArrayList.forEach(ArrayList.java:1604)
	at org.testng.TestRunner.privateRun(TestRunner.java:741)
	at org.testng.TestRunner.run(TestRunner.java:616)
	at org.testng.SuiteRunner.runTest(SuiteRunner.java:421)
	at org.testng.SuiteRunner$SuiteWorker.run(SuiteRunner.java:463)
	at org.testng.internal.thread.ThreadUtil.lambda$execute$0(ThreadUtil.java:64)
	at java.base/java.util.concurrent.FutureTask.run(FutureTask.java:328)
	at java.base/java.util.concurrent.ThreadPoolExecutor.runWorker(ThreadPoolExecutor.java:1090)
	at java.base/java.util.concurrent.ThreadPoolExecutor$Worker.run(ThreadPoolExecutor.java:614)
	at java.base/java.lang.Thread.run(Thread.java:1474)
2025-12-08 07:29:14,644 INFO  com.framework.tests.TC002_LoginTest - ===== Login Test Completed =====
2025-12-08 07:29:14,860 INFO  com.framework.tests.TC002_LoginTest - Closing WebDriver
2025-12-08 07:29:19,959 ERROR com.framework.tests.TC002_LoginTest - Unexpected Exception Occurred During Test Execution
org.openqa.selenium.TimeoutException: Expected condition failed: waiting for visibility of [[EdgeDriver: MicrosoftEdge on windows (9e0b9a7e53736e203b44266787782815)] -> xpath: //span[normalize-space()='My Account']] (tried for 10 second(s) with 500 milliseconds interval)
Build info: version: '4.38.0', revision: '6b412e825c*'
System info: os.name: 'Windows 10', os.arch: 'amd64', os.version: '10.0', java.version: '25'
Driver info: org.openqa.selenium.edge.EdgeDriver
Capabilities {acceptInsecureCerts: false, browserName: MicrosoftEdge, browserVersion: 143.0.3650.66, fedcm:accounts: true, goog:processID: 27876, ms:edgeOptions: {debuggerAddress: localhost:52581}, msedge: {msedgedriverVersion: 143.0.3650.66 (507b0dd34c3d..., userDataDir: C:\Users\Gowtham\AppData\Lo...}, networkConnectionEnabled: false, pageLoadStrategy: normal, platformName: windows, proxy: Proxy(), se:cdp: ws://localhost:52581/devtoo..., se:cdpVersion: 143.0.3650.66, setWindowRect: true, strictFileInteractability: false, timeouts: {implicit: 0, pageLoad: 300000, script: 30000}, unhandledPromptBehavior: dismiss and notify, webauthn:extension:credBlob: true, webauthn:extension:largeBlob: true, webauthn:extension:minPinLength: true, webauthn:extension:prf: true, webauthn:virtualAuthenticators: true}
Session ID: 9e0b9a7e53736e203b44266787782815
	at org.openqa.selenium.support.ui.WebDriverWait.timeoutException(WebDriverWait.java:84)
	at org.openqa.selenium.support.ui.FluentWait.until(FluentWait.java:228)
	at com.framework.pages.HomePage.clickOnMyAccount(HomePage.java:28)
	at com.framework.tests.TC002_LoginTest.verifyLogin(TC002_LoginTest.java:20)
	at java.base/jdk.internal.reflect.DirectMethodHandleAccessor.invoke(DirectMethodHandleAccessor.java:104)
	at java.base/java.lang.reflect.Method.invoke(Method.java:565)
	at org.testng.internal.invokers.MethodInvocationHelper.invokeMethod(MethodInvocationHelper.java:141)
	at org.testng.internal.invokers.TestInvoker.invokeMethod(TestInvoker.java:687)
	at org.testng.internal.invokers.TestInvoker.invokeTestMethod(TestInvoker.java:230)
	at org.testng.internal.invokers.MethodRunner.runInSequence(MethodRunner.java:63)
	at org.testng.internal.invokers.TestInvoker$MethodInvocationAgent.invoke(TestInvoker.java:995)
	at org.testng.internal.invokers.TestInvoker.invokeTestMethods(TestInvoker.java:203)
	at org.testng.internal.invokers.TestMethodWorker.invokeTestMethods(TestMethodWorker.java:154)
	at org.testng.internal.invokers.TestMethodWorker.run(TestMethodWorker.java:134)
	at java.base/java.util.ArrayList.forEach(ArrayList.java:1604)
	at org.testng.TestRunner.privateRun(TestRunner.java:741)
	at org.testng.TestRunner.run(TestRunner.java:616)
	at org.testng.SuiteRunner.runTest(SuiteRunner.java:421)
	at org.testng.SuiteRunner$SuiteWorker.run(SuiteRunner.java:463)
	at org.testng.internal.thread.ThreadUtil.lambda$execute$0(ThreadUtil.java:64)
	at java.base/java.util.concurrent.FutureTask.run(FutureTask.java:328)
	at java.base/java.util.concurrent.ThreadPoolExecutor.runWorker(ThreadPoolExecutor.java:1090)
	at java.base/java.util.concurrent.ThreadPoolExecutor$Worker.run(ThreadPoolExecutor.java:614)
	at java.base/java.lang.Thread.run(Thread.java:1474)
2025-12-08 07:29:19,960 INFO  com.framework.tests.TC002_LoginTest - ===== Login Test Completed =====
2025-12-08 07:29:20,242 INFO  com.framework.tests.TC002_LoginTest - Closing WebDriver
2025-12-08 07:40:13,198 DEBUG org.testng.TestNG - suiteXmlPath: "E:\Automation\eclipse-workspace\hybrid-automation-framework\crossbrowser.xml"
2025-12-08 07:40:13,726 INFO  org.testng.internal.Utils - [TestNG] Running:
  E:\Automation\eclipse-workspace\hybrid-automation-framework\crossbrowser.xml

2025-12-08 07:40:14,163 INFO  com.framework.tests.TC001_RegisterAccountTest - Execution Environment: local
2025-12-08 07:40:14,163 INFO  com.framework.tests.TC001_RegisterAccountTest - Browser: chrome
2025-12-08 07:40:14,163 INFO  com.framework.tests.TC001_RegisterAccountTest - Execution Environment: local
2025-12-08 07:40:14,163 INFO  com.framework.tests.TC001_RegisterAccountTest - OS: WIN10
2025-12-08 07:40:14,163 INFO  com.framework.tests.TC001_RegisterAccountTest - Browser: edge
2025-12-08 07:40:14,163 INFO  com.framework.tests.TC001_RegisterAccountTest - OS: WIN10
2025-12-08 07:40:14,166 INFO  com.framework.driver.DriverFactory - Initializing LOCAL driver for browser: chrome
2025-12-08 07:40:14,166 INFO  com.framework.driver.DriverFactory - Initializing LOCAL driver for browser: edge
2025-12-08 07:40:17,900 INFO  com.framework.tests.TC001_RegisterAccountTest - Navigated to URL: https://tutorialsninja.com/demo/
2025-12-08 07:40:17,942 INFO  com.framework.tests.TC001_RegisterAccountTest - ===== Starting Register Account Test =====
2025-12-08 07:40:17,983 INFO  com.framework.tests.TC001_RegisterAccountTest - Navigating to My Account
2025-12-08 07:40:18,969 INFO  com.framework.tests.TC001_RegisterAccountTest - Clicking on Register
2025-12-08 07:40:19,501 INFO  com.framework.tests.TC001_RegisterAccountTest - Entering First Name: QYJLTJE
2025-12-08 07:40:19,501 INFO  com.framework.pages.RegisterAccount - Entering First Name: QYJLTJE
2025-12-08 07:40:19,760 INFO  com.framework.tests.TC001_RegisterAccountTest - Entering Last Name: CWAFWGD
2025-12-08 07:40:19,760 INFO  com.framework.pages.RegisterAccount - Entering Last Name: CWAFWGD
2025-12-08 07:40:20,185 INFO  com.framework.tests.TC001_RegisterAccountTest - Entering Email: oL78FyaSA@gmail.com
2025-12-08 07:40:20,185 INFO  com.framework.pages.RegisterAccount - Entering Email: oL78FyaSA@gmail.com
2025-12-08 07:40:20,406 INFO  com.framework.tests.TC001_RegisterAccountTest - Entering Phone: 2644532539
2025-12-08 07:40:20,406 INFO  com.framework.pages.RegisterAccount - Entering Phone Number: 2644532539
2025-12-08 07:40:20,620 DEBUG com.framework.tests.TC001_RegisterAccountTest - Generated Password: N0fon1ZO5
2025-12-08 07:40:20,620 INFO  com.framework.pages.RegisterAccount - Entering Password
2025-12-08 07:40:21,002 INFO  com.framework.pages.RegisterAccount - Entering Confirm Password
2025-12-08 07:40:21,233 INFO  com.framework.tests.TC001_RegisterAccountTest - Accepting privacy policy
2025-12-08 07:40:21,233 INFO  com.framework.pages.RegisterAccount - Accepting Privacy Policy
2025-12-08 07:40:21,422 INFO  com.framework.tests.TC001_RegisterAccountTest - Clicking on Continue button
2025-12-08 07:40:21,422 INFO  com.framework.pages.RegisterAccount - Clicking on Continue button
2025-12-08 07:40:22,332 INFO  com.framework.pages.RegisterAccount - Continue button clicked
2025-12-08 07:40:22,336 INFO  com.framework.pages.RegisterAccount - Fetching confirmation message
2025-12-08 07:40:22,398 INFO  com.framework.pages.RegisterAccount - Registration success message: Your Account Has Been Created!
2025-12-08 07:40:22,398 INFO  com.framework.tests.TC001_RegisterAccountTest - Confirmation Message Received: Your Account Has Been Created!
2025-12-08 07:40:22,400 INFO  com.framework.tests.TC001_RegisterAccountTest - Account creation test PASSED
2025-12-08 07:40:22,400 INFO  com.framework.tests.TC001_RegisterAccountTest - ===== Register Account Test Completed =====
2025-12-08 07:40:22,425 INFO  com.framework.tests.TC001_RegisterAccountTest - Closing WebDriver
2025-12-08 07:40:22,965 INFO  com.framework.tests.TC002_LoginTest - Execution Environment: local
2025-12-08 07:40:22,965 INFO  com.framework.tests.TC002_LoginTest - Browser: chrome
2025-12-08 07:40:22,965 INFO  com.framework.tests.TC002_LoginTest - OS: WIN10
2025-12-08 07:40:22,966 INFO  com.framework.driver.DriverFactory - Initializing LOCAL driver for browser: chrome
2025-12-08 07:40:25,825 INFO  com.framework.tests.TC002_LoginTest - Navigated to URL: https://tutorialsninja.com/demo/
2025-12-08 07:40:25,829 INFO  com.framework.tests.TC002_LoginTest - ===== Starting Login Test =====
2025-12-08 07:40:25,830 INFO  com.framework.tests.TC002_LoginTest - Navigating to My Account
2025-12-08 07:40:26,209 INFO  com.framework.tests.TC002_LoginTest - Clicking on login
2025-12-08 07:40:26,595 INFO  com.framework.tests.TC002_LoginTest - Entering UserEmail: piwene6598@badfist.com
2025-12-08 07:40:26,905 INFO  com.framework.tests.TC002_LoginTest - Entering UserEmail: Qaz@123
2025-12-08 07:40:27,230 INFO  com.framework.tests.TC002_LoginTest - Clicking on login button
2025-12-08 07:40:27,443 INFO  com.framework.tests.TC002_LoginTest - Checking if target page found!
2025-12-08 07:40:27,443 INFO  com.framework.pages.MyAccountPage - Checking if 'My Account' message is displayed
2025-12-08 07:40:28,150 INFO  com.framework.pages.MyAccountPage - 'My Account' message visibility: true
2025-12-08 07:40:28,151 INFO  com.framework.tests.TC002_LoginTest - ===== Login Test Completed =====
2025-12-08 07:40:28,155 INFO  com.framework.tests.TC002_LoginTest - Closing WebDriver
2025-12-08 07:41:13,879 DEBUG org.testng.TestNG - suiteXmlPath: "E:\Automation\eclipse-workspace\hybrid-automation-framework\crossbrowser.xml"
2025-12-08 07:41:14,402 INFO  org.testng.internal.Utils - [TestNG] Running:
  E:\Automation\eclipse-workspace\hybrid-automation-framework\crossbrowser.xml

2025-12-08 07:41:14,623 INFO  com.framework.tests.TC001_RegisterAccountTest - Execution Environment: local
2025-12-08 07:41:14,623 INFO  com.framework.tests.TC001_RegisterAccountTest - Browser: edge
2025-12-08 07:41:14,623 INFO  com.framework.tests.TC001_RegisterAccountTest - OS: WIN10
2025-12-08 07:41:14,626 INFO  com.framework.driver.DriverFactory - Initializing LOCAL driver for browser: edge
2025-12-08 07:41:14,758 INFO  com.framework.tests.TC001_RegisterAccountTest - Execution Environment: local
2025-12-08 07:41:14,759 INFO  com.framework.tests.TC001_RegisterAccountTest - Browser: chrome
2025-12-08 07:41:14,759 INFO  com.framework.tests.TC001_RegisterAccountTest - OS: WIN10
2025-12-08 07:41:14,759 INFO  com.framework.driver.DriverFactory - Initializing LOCAL driver for browser: chrome
2025-12-08 07:41:19,196 INFO  com.framework.tests.TC001_RegisterAccountTest - Navigated to URL: https://tutorialsninja.com/demo/
2025-12-08 07:41:19,224 INFO  com.framework.tests.TC001_RegisterAccountTest - ===== Starting Register Account Test =====
2025-12-08 07:41:19,255 INFO  com.framework.tests.TC001_RegisterAccountTest - Navigating to My Account
2025-12-08 07:41:19,505 INFO  com.framework.tests.TC001_RegisterAccountTest - Clicking on Register
2025-12-08 07:41:20,009 INFO  com.framework.tests.TC001_RegisterAccountTest - Entering First Name: ZYSSKBH
2025-12-08 07:41:20,009 INFO  com.framework.pages.RegisterAccount - Entering First Name: ZYSSKBH
2025-12-08 07:41:20,277 INFO  com.framework.tests.TC001_RegisterAccountTest - Entering Last Name: RXNYMXW
2025-12-08 07:41:20,278 INFO  com.framework.pages.RegisterAccount - Entering Last Name: RXNYMXW
2025-12-08 07:41:20,476 INFO  com.framework.tests.TC001_RegisterAccountTest - Entering Email: nNba614A0@gmail.com
2025-12-08 07:41:20,476 INFO  com.framework.pages.RegisterAccount - Entering Email: nNba614A0@gmail.com
2025-12-08 07:41:20,678 INFO  com.framework.tests.TC001_RegisterAccountTest - Entering Phone: 3494968150
2025-12-08 07:41:20,678 INFO  com.framework.pages.RegisterAccount - Entering Phone Number: 3494968150
2025-12-08 07:41:20,862 DEBUG com.framework.tests.TC001_RegisterAccountTest - Generated Password: twIVGyWzg
2025-12-08 07:41:20,862 INFO  com.framework.pages.RegisterAccount - Entering Password
2025-12-08 07:41:21,048 INFO  com.framework.pages.RegisterAccount - Entering Confirm Password
2025-12-08 07:41:21,235 INFO  com.framework.tests.TC001_RegisterAccountTest - Accepting privacy policy
2025-12-08 07:41:21,235 INFO  com.framework.pages.RegisterAccount - Accepting Privacy Policy
2025-12-08 07:41:21,399 INFO  com.framework.tests.TC001_RegisterAccountTest - Clicking on Continue button
2025-12-08 07:41:21,400 INFO  com.framework.pages.RegisterAccount - Clicking on Continue button
2025-12-08 07:41:22,290 INFO  com.framework.pages.RegisterAccount - Continue button clicked
2025-12-08 07:41:22,294 INFO  com.framework.pages.RegisterAccount - Fetching confirmation message
2025-12-08 07:41:22,355 INFO  com.framework.pages.RegisterAccount - Registration success message: Your Account Has Been Created!
2025-12-08 07:41:22,357 INFO  com.framework.tests.TC001_RegisterAccountTest - Confirmation Message Received: Your Account Has Been Created!
2025-12-08 07:41:22,358 INFO  com.framework.tests.TC001_RegisterAccountTest - Account creation test PASSED
2025-12-08 07:41:22,359 INFO  com.framework.tests.TC001_RegisterAccountTest - ===== Register Account Test Completed =====
2025-12-08 07:41:22,382 INFO  com.framework.tests.TC001_RegisterAccountTest - Closing WebDriver
2025-12-08 07:41:22,618 INFO  com.framework.tests.TC002_LoginTest - Execution Environment: local
2025-12-08 07:41:22,618 INFO  com.framework.tests.TC002_LoginTest - Browser: edge
2025-12-08 07:41:22,618 INFO  com.framework.tests.TC002_LoginTest - OS: WIN10
2025-12-08 07:41:22,618 INFO  com.framework.driver.DriverFactory - Initializing LOCAL driver for browser: edge
2025-12-08 07:41:25,380 INFO  com.framework.tests.TC002_LoginTest - Navigated to URL: https://tutorialsninja.com/demo/
2025-12-08 07:41:25,383 INFO  com.framework.tests.TC002_LoginTest - ===== Starting Login Test =====
2025-12-08 07:41:25,383 INFO  com.framework.tests.TC002_LoginTest - Navigating to My Account
2025-12-08 07:41:25,555 INFO  com.framework.tests.TC002_LoginTest - Clicking on login
2025-12-08 07:41:25,884 INFO  com.framework.tests.TC002_LoginTest - Entering UserEmail: piwene6598@badfist.com
2025-12-08 07:41:26,081 INFO  com.framework.tests.TC002_LoginTest - Entering UserEmail: Qaz@123
2025-12-08 07:41:26,233 INFO  com.framework.tests.TC002_LoginTest - Clicking on login button
2025-12-08 07:41:27,053 INFO  com.framework.tests.TC002_LoginTest - Checking if target page found!
2025-12-08 07:41:27,053 INFO  com.framework.pages.MyAccountPage - Checking if 'My Account' message is displayed
2025-12-08 07:41:27,104 INFO  com.framework.pages.MyAccountPage - 'My Account' message visibility: true
2025-12-08 07:41:27,104 INFO  com.framework.tests.TC002_LoginTest - ===== Login Test Completed =====
2025-12-08 07:41:27,108 INFO  com.framework.tests.TC002_LoginTest - Closing WebDriver
2025-12-08 07:43:17,671 INFO  com.framework.tests.TC002_LoginTest - Execution Environment: local
2025-12-08 07:43:17,672 INFO  com.framework.tests.TC002_LoginTest - Browser: edge
2025-12-08 07:43:17,672 INFO  com.framework.tests.TC002_LoginTest - OS: WIN10
2025-12-08 07:43:17,672 INFO  com.framework.driver.DriverFactory - Initializing LOCAL driver for browser: edge
2025-12-08 07:43:20,986 INFO  com.framework.tests.TC002_LoginTest - Navigated to URL: https://tutorialsninja.com/demo/
2025-12-08 07:43:20,989 INFO  com.framework.tests.TC002_LoginTest - ===== Starting Login Test =====
2025-12-08 07:43:20,989 INFO  com.framework.tests.TC002_LoginTest - Navigating to My Account
2025-12-08 07:43:21,156 INFO  com.framework.tests.TC002_LoginTest - Clicking on login
2025-12-08 07:43:21,469 INFO  com.framework.tests.TC002_LoginTest - Entering UserEmail: piwene6598@badfist.com
2025-12-08 07:43:21,670 INFO  com.framework.tests.TC002_LoginTest - Entering UserEmail: Qaz@123
2025-12-08 07:43:21,837 INFO  com.framework.tests.TC002_LoginTest - Clicking on login button
2025-12-08 07:43:21,962 INFO  com.framework.tests.TC002_LoginTest - Checking if target page found!
2025-12-08 07:43:21,962 INFO  com.framework.pages.MyAccountPage - Checking if 'My Account' message is displayed
2025-12-08 07:43:22,762 INFO  com.framework.pages.MyAccountPage - 'My Account' message visibility: true
2025-12-08 07:43:22,763 INFO  com.framework.tests.TC002_LoginTest - ===== Login Test Completed =====
2025-12-08 07:43:22,765 INFO  com.framework.tests.TC002_LoginTest - Closing WebDriver
2025-12-08 08:49:14,353 DEBUG org.testng.TestNG - suiteXmlPath: "E:\Automation\eclipse-workspace\hybrid-automation-framework\master.xml"
2025-12-08 08:49:14,676 INFO  org.testng.internal.Utils - [TestNG] Running:
  E:\Automation\eclipse-workspace\hybrid-automation-framework\master.xml

2025-12-08 08:49:14,927 INFO  com.framework.tests.TC001_RegisterAccountTest - Execution Environment: local
2025-12-08 08:49:14,928 INFO  com.framework.tests.TC001_RegisterAccountTest - Browser: edge
2025-12-08 08:49:14,928 INFO  com.framework.tests.TC001_RegisterAccountTest - OS: WIN10
2025-12-08 08:49:14,930 INFO  com.framework.driver.DriverFactory - Initializing LOCAL driver for browser: edge
2025-12-08 08:49:20,368 INFO  com.framework.tests.TC001_RegisterAccountTest - Navigated to URL: https://tutorialsninja.com/demo/
2025-12-08 08:49:20,502 INFO  com.framework.tests.TC001_RegisterAccountTest - ===== Starting Register Account Test =====
2025-12-08 08:49:20,559 INFO  com.framework.tests.TC001_RegisterAccountTest - Navigating to My Account
2025-12-08 08:49:20,794 INFO  com.framework.tests.TC001_RegisterAccountTest - Clicking on Register
2025-12-08 08:49:21,450 INFO  com.framework.tests.TC001_RegisterAccountTest - Entering First Name: IKPOLHW
2025-12-08 08:49:21,450 INFO  com.framework.pages.RegisterAccount - Entering First Name: IKPOLHW
2025-12-08 08:49:21,696 INFO  com.framework.tests.TC001_RegisterAccountTest - Entering Last Name: BOHUKIH
2025-12-08 08:49:21,696 INFO  com.framework.pages.RegisterAccount - Entering Last Name: BOHUKIH
2025-12-08 08:49:21,858 INFO  com.framework.tests.TC001_RegisterAccountTest - Entering Email: sIX2djb5G@gmail.com
2025-12-08 08:49:21,858 INFO  com.framework.pages.RegisterAccount - Entering Email: sIX2djb5G@gmail.com
2025-12-08 08:49:22,024 INFO  com.framework.tests.TC001_RegisterAccountTest - Entering Phone: 6444065182
2025-12-08 08:49:22,024 INFO  com.framework.pages.RegisterAccount - Entering Phone Number: 6444065182
2025-12-08 08:49:22,158 DEBUG com.framework.tests.TC001_RegisterAccountTest - Generated Password: E5EV519bY
2025-12-08 08:49:22,158 INFO  com.framework.pages.RegisterAccount - Entering Password
2025-12-08 08:49:22,300 INFO  com.framework.pages.RegisterAccount - Entering Confirm Password
2025-12-08 08:49:22,445 INFO  com.framework.tests.TC001_RegisterAccountTest - Accepting privacy policy
2025-12-08 08:49:22,446 INFO  com.framework.pages.RegisterAccount - Accepting Privacy Policy
2025-12-08 08:49:22,561 INFO  com.framework.tests.TC001_RegisterAccountTest - Clicking on Continue button
2025-12-08 08:49:22,562 INFO  com.framework.pages.RegisterAccount - Clicking on Continue button
2025-12-08 08:49:22,707 INFO  com.framework.pages.RegisterAccount - Continue button clicked
2025-12-08 08:49:22,711 INFO  com.framework.pages.RegisterAccount - Fetching confirmation message
2025-12-08 08:49:23,780 INFO  com.framework.pages.RegisterAccount - Registration success message: Your Account Has Been Created!
2025-12-08 08:49:23,780 INFO  com.framework.tests.TC001_RegisterAccountTest - Confirmation Message Received: Your Account Has Been Created!
2025-12-08 08:49:23,875 INFO  com.framework.tests.TC001_RegisterAccountTest - Account creation test PASSED
2025-12-08 08:49:23,875 INFO  com.framework.tests.TC001_RegisterAccountTest - ===== Register Account Test Completed =====
2025-12-08 08:49:23,900 INFO  com.framework.tests.TC001_RegisterAccountTest - Closing WebDriver
2025-12-08 08:49:24,111 INFO  com.framework.tests.TC002_LoginTest - Execution Environment: local
2025-12-08 08:49:24,111 INFO  com.framework.tests.TC002_LoginTest - Browser: edge
2025-12-08 08:49:24,111 INFO  com.framework.tests.TC002_LoginTest - OS: WIN10
2025-12-08 08:49:24,111 INFO  com.framework.driver.DriverFactory - Initializing LOCAL driver for browser: edge
2025-12-08 08:49:27,239 INFO  com.framework.tests.TC002_LoginTest - Navigated to URL: https://tutorialsninja.com/demo/
2025-12-08 08:49:27,242 INFO  com.framework.tests.TC002_LoginTest - ===== Starting Login Test =====
2025-12-08 08:49:27,243 INFO  com.framework.tests.TC002_LoginTest - Navigating to My Account
2025-12-08 08:49:27,426 INFO  com.framework.tests.TC002_LoginTest - Clicking on login
2025-12-08 08:49:28,729 INFO  com.framework.tests.TC002_LoginTest - Entering UserEmail: piwene6598@badfist.com
2025-12-08 08:49:28,918 INFO  com.framework.tests.TC002_LoginTest - Entering UserEmail: Qaz@123
2025-12-08 08:49:29,072 INFO  com.framework.tests.TC002_LoginTest - Clicking on login button
2025-12-08 08:49:32,051 INFO  com.framework.tests.TC002_LoginTest - Checking if target page found!
2025-12-08 08:49:32,051 INFO  com.framework.pages.MyAccountPage - Checking if 'My Account' message is displayed
2025-12-08 08:49:32,098 INFO  com.framework.pages.MyAccountPage - 'My Account' message visibility: true
2025-12-08 08:49:32,099 INFO  com.framework.tests.TC002_LoginTest - ===== Login Test Completed =====
2025-12-08 08:49:32,103 INFO  com.framework.tests.TC002_LoginTest - Closing WebDriver
2025-12-08 08:49:32,272 INFO  com.framework.tests.TC003_LoginDDTest - Execution Environment: local
2025-12-08 08:49:32,272 INFO  com.framework.tests.TC003_LoginDDTest - Browser: edge
2025-12-08 08:49:32,272 INFO  com.framework.tests.TC003_LoginDDTest - OS: WIN10
2025-12-08 08:49:32,272 INFO  com.framework.driver.DriverFactory - Initializing LOCAL driver for browser: edge
2025-12-08 08:49:34,621 INFO  com.framework.tests.TC003_LoginDDTest - Navigated to URL: https://tutorialsninja.com/demo/
2025-12-08 08:49:34,890 DEBUG org.apache.poi.openxml4j.opc.PackageRelationshipCollection - Parsing relationship: /xl/_rels/workbook.xml.rels
2025-12-08 08:49:34,894 DEBUG org.apache.poi.openxml4j.opc.PackageRelationshipCollection - Parsing relationship: /xl/worksheets/_rels/sheet3.xml.rels
2025-12-08 08:49:34,895 DEBUG org.apache.poi.openxml4j.opc.PackageRelationshipCollection - Parsing relationship: /_rels/.rels
2025-12-08 08:49:35,447 DEBUG org.apache.poi.ooxml.POIXMLFactory - using default POIXMLDocumentPart for http://schemas.openxmlformats.org/officeDocument/2006/relationships/printerSettings
2025-12-08 08:49:35,602 DEBUG org.apache.poi.openxml4j.opc.PackageRelationshipCollection - Parsing relationship: /xl/_rels/workbook.xml.rels
2025-12-08 08:49:35,603 DEBUG org.apache.poi.openxml4j.opc.PackageRelationshipCollection - Parsing relationship: /xl/worksheets/_rels/sheet3.xml.rels
2025-12-08 08:49:35,604 DEBUG org.apache.poi.openxml4j.opc.PackageRelationshipCollection - Parsing relationship: /_rels/.rels
2025-12-08 08:49:35,639 DEBUG org.apache.poi.ooxml.POIXMLFactory - using default POIXMLDocumentPart for http://schemas.openxmlformats.org/officeDocument/2006/relationships/printerSettings
2025-12-08 08:49:35,678 DEBUG org.apache.poi.openxml4j.opc.PackageRelationshipCollection - Parsing relationship: /xl/_rels/workbook.xml.rels
2025-12-08 08:49:35,679 DEBUG org.apache.poi.openxml4j.opc.PackageRelationshipCollection - Parsing relationship: /xl/worksheets/_rels/sheet3.xml.rels
2025-12-08 08:49:35,680 DEBUG org.apache.poi.openxml4j.opc.PackageRelationshipCollection - Parsing relationship: /_rels/.rels
2025-12-08 08:49:35,725 DEBUG org.apache.poi.ooxml.POIXMLFactory - using default POIXMLDocumentPart for http://schemas.openxmlformats.org/officeDocument/2006/relationships/printerSettings
2025-12-08 08:49:35,772 DEBUG org.apache.poi.openxml4j.opc.PackageRelationshipCollection - Parsing relationship: /xl/_rels/workbook.xml.rels
2025-12-08 08:49:35,774 DEBUG org.apache.poi.openxml4j.opc.PackageRelationshipCollection - Parsing relationship: /xl/worksheets/_rels/sheet3.xml.rels
2025-12-08 08:49:35,775 DEBUG org.apache.poi.openxml4j.opc.PackageRelationshipCollection - Parsing relationship: /_rels/.rels
2025-12-08 08:49:35,797 DEBUG org.apache.poi.ooxml.POIXMLFactory - using default POIXMLDocumentPart for http://schemas.openxmlformats.org/officeDocument/2006/relationships/printerSettings
2025-12-08 08:49:35,832 DEBUG org.apache.poi.openxml4j.opc.PackageRelationshipCollection - Parsing relationship: /xl/_rels/workbook.xml.rels
2025-12-08 08:49:35,835 DEBUG org.apache.poi.openxml4j.opc.PackageRelationshipCollection - Parsing relationship: /xl/worksheets/_rels/sheet3.xml.rels
2025-12-08 08:49:35,837 DEBUG org.apache.poi.openxml4j.opc.PackageRelationshipCollection - Parsing relationship: /_rels/.rels
2025-12-08 08:49:35,859 DEBUG org.apache.poi.ooxml.POIXMLFactory - using default POIXMLDocumentPart for http://schemas.openxmlformats.org/officeDocument/2006/relationships/printerSettings
2025-12-08 08:49:35,896 DEBUG org.apache.poi.openxml4j.opc.PackageRelationshipCollection - Parsing relationship: /xl/_rels/workbook.xml.rels
2025-12-08 08:49:35,897 DEBUG org.apache.poi.openxml4j.opc.PackageRelationshipCollection - Parsing relationship: /xl/worksheets/_rels/sheet3.xml.rels
2025-12-08 08:49:35,898 DEBUG org.apache.poi.openxml4j.opc.PackageRelationshipCollection - Parsing relationship: /_rels/.rels
2025-12-08 08:49:35,916 DEBUG org.apache.poi.ooxml.POIXMLFactory - using default POIXMLDocumentPart for http://schemas.openxmlformats.org/officeDocument/2006/relationships/printerSettings
2025-12-08 08:49:35,950 DEBUG org.apache.poi.openxml4j.opc.PackageRelationshipCollection - Parsing relationship: /xl/_rels/workbook.xml.rels
2025-12-08 08:49:35,952 DEBUG org.apache.poi.openxml4j.opc.PackageRelationshipCollection - Parsing relationship: /xl/worksheets/_rels/sheet3.xml.rels
2025-12-08 08:49:35,954 DEBUG org.apache.poi.openxml4j.opc.PackageRelationshipCollection - Parsing relationship: /_rels/.rels
2025-12-08 08:49:35,973 DEBUG org.apache.poi.ooxml.POIXMLFactory - using default POIXMLDocumentPart for http://schemas.openxmlformats.org/officeDocument/2006/relationships/printerSettings
2025-12-08 08:49:35,999 DEBUG org.apache.poi.openxml4j.opc.PackageRelationshipCollection - Parsing relationship: /xl/_rels/workbook.xml.rels
2025-12-08 08:49:36,000 DEBUG org.apache.poi.openxml4j.opc.PackageRelationshipCollection - Parsing relationship: /xl/worksheets/_rels/sheet3.xml.rels
2025-12-08 08:49:36,001 DEBUG org.apache.poi.openxml4j.opc.PackageRelationshipCollection - Parsing relationship: /_rels/.rels
2025-12-08 08:49:36,017 DEBUG org.apache.poi.ooxml.POIXMLFactory - using default POIXMLDocumentPart for http://schemas.openxmlformats.org/officeDocument/2006/relationships/printerSettings
2025-12-08 08:49:36,044 DEBUG org.apache.poi.openxml4j.opc.PackageRelationshipCollection - Parsing relationship: /xl/_rels/workbook.xml.rels
2025-12-08 08:49:36,046 DEBUG org.apache.poi.openxml4j.opc.PackageRelationshipCollection - Parsing relationship: /xl/worksheets/_rels/sheet3.xml.rels
2025-12-08 08:49:36,046 DEBUG org.apache.poi.openxml4j.opc.PackageRelationshipCollection - Parsing relationship: /_rels/.rels
2025-12-08 08:49:36,060 DEBUG org.apache.poi.ooxml.POIXMLFactory - using default POIXMLDocumentPart for http://schemas.openxmlformats.org/officeDocument/2006/relationships/printerSettings
2025-12-08 08:49:36,085 DEBUG org.apache.poi.openxml4j.opc.PackageRelationshipCollection - Parsing relationship: /xl/_rels/workbook.xml.rels
2025-12-08 08:49:36,086 DEBUG org.apache.poi.openxml4j.opc.PackageRelationshipCollection - Parsing relationship: /xl/worksheets/_rels/sheet3.xml.rels
2025-12-08 08:49:36,088 DEBUG org.apache.poi.openxml4j.opc.PackageRelationshipCollection - Parsing relationship: /_rels/.rels
2025-12-08 08:49:36,112 DEBUG org.apache.poi.ooxml.POIXMLFactory - using default POIXMLDocumentPart for http://schemas.openxmlformats.org/officeDocument/2006/relationships/printerSettings
2025-12-08 08:49:36,135 DEBUG org.apache.poi.openxml4j.opc.PackageRelationshipCollection - Parsing relationship: /xl/_rels/workbook.xml.rels
2025-12-08 08:49:36,136 DEBUG org.apache.poi.openxml4j.opc.PackageRelationshipCollection - Parsing relationship: /xl/worksheets/_rels/sheet3.xml.rels
2025-12-08 08:49:36,137 DEBUG org.apache.poi.openxml4j.opc.PackageRelationshipCollection - Parsing relationship: /_rels/.rels
2025-12-08 08:49:36,150 DEBUG org.apache.poi.ooxml.POIXMLFactory - using default POIXMLDocumentPart for http://schemas.openxmlformats.org/officeDocument/2006/relationships/printerSettings
2025-12-08 08:49:36,170 DEBUG org.apache.poi.openxml4j.opc.PackageRelationshipCollection - Parsing relationship: /xl/_rels/workbook.xml.rels
2025-12-08 08:49:36,171 DEBUG org.apache.poi.openxml4j.opc.PackageRelationshipCollection - Parsing relationship: /xl/worksheets/_rels/sheet3.xml.rels
2025-12-08 08:49:36,172 DEBUG org.apache.poi.openxml4j.opc.PackageRelationshipCollection - Parsing relationship: /_rels/.rels
2025-12-08 08:49:36,180 DEBUG org.apache.poi.ooxml.POIXMLFactory - using default POIXMLDocumentPart for http://schemas.openxmlformats.org/officeDocument/2006/relationships/printerSettings
2025-12-08 08:49:36,195 DEBUG org.apache.poi.openxml4j.opc.PackageRelationshipCollection - Parsing relationship: /xl/_rels/workbook.xml.rels
2025-12-08 08:49:36,196 DEBUG org.apache.poi.openxml4j.opc.PackageRelationshipCollection - Parsing relationship: /xl/worksheets/_rels/sheet3.xml.rels
2025-12-08 08:49:36,197 DEBUG org.apache.poi.openxml4j.opc.PackageRelationshipCollection - Parsing relationship: /_rels/.rels
2025-12-08 08:49:36,215 DEBUG org.apache.poi.ooxml.POIXMLFactory - using default POIXMLDocumentPart for http://schemas.openxmlformats.org/officeDocument/2006/relationships/printerSettings
2025-12-08 08:49:36,250 DEBUG org.apache.poi.openxml4j.opc.PackageRelationshipCollection - Parsing relationship: /xl/_rels/workbook.xml.rels
2025-12-08 08:49:36,251 DEBUG org.apache.poi.openxml4j.opc.PackageRelationshipCollection - Parsing relationship: /xl/worksheets/_rels/sheet3.xml.rels
2025-12-08 08:49:36,252 DEBUG org.apache.poi.openxml4j.opc.PackageRelationshipCollection - Parsing relationship: /_rels/.rels
2025-12-08 08:49:36,296 DEBUG org.apache.poi.ooxml.POIXMLFactory - using default POIXMLDocumentPart for http://schemas.openxmlformats.org/officeDocument/2006/relationships/printerSettings
2025-12-08 08:49:36,326 DEBUG org.apache.poi.openxml4j.opc.PackageRelationshipCollection - Parsing relationship: /xl/_rels/workbook.xml.rels
2025-12-08 08:49:36,327 DEBUG org.apache.poi.openxml4j.opc.PackageRelationshipCollection - Parsing relationship: /xl/worksheets/_rels/sheet3.xml.rels
2025-12-08 08:49:36,329 DEBUG org.apache.poi.openxml4j.opc.PackageRelationshipCollection - Parsing relationship: /_rels/.rels
2025-12-08 08:49:36,358 DEBUG org.apache.poi.ooxml.POIXMLFactory - using default POIXMLDocumentPart for http://schemas.openxmlformats.org/officeDocument/2006/relationships/printerSettings
2025-12-08 08:49:36,379 DEBUG org.apache.poi.openxml4j.opc.PackageRelationshipCollection - Parsing relationship: /xl/_rels/workbook.xml.rels
2025-12-08 08:49:36,380 DEBUG org.apache.poi.openxml4j.opc.PackageRelationshipCollection - Parsing relationship: /xl/worksheets/_rels/sheet3.xml.rels
2025-12-08 08:49:36,381 DEBUG org.apache.poi.openxml4j.opc.PackageRelationshipCollection - Parsing relationship: /_rels/.rels
2025-12-08 08:49:36,403 DEBUG org.apache.poi.ooxml.POIXMLFactory - using default POIXMLDocumentPart for http://schemas.openxmlformats.org/officeDocument/2006/relationships/printerSettings
2025-12-08 08:49:36,444 DEBUG org.apache.poi.openxml4j.opc.PackageRelationshipCollection - Parsing relationship: /xl/_rels/workbook.xml.rels
2025-12-08 08:49:36,451 DEBUG org.apache.poi.openxml4j.opc.PackageRelationshipCollection - Parsing relationship: /xl/worksheets/_rels/sheet3.xml.rels
2025-12-08 08:49:36,452 DEBUG org.apache.poi.openxml4j.opc.PackageRelationshipCollection - Parsing relationship: /_rels/.rels
2025-12-08 08:49:36,466 DEBUG org.apache.poi.ooxml.POIXMLFactory - using default POIXMLDocumentPart for http://schemas.openxmlformats.org/officeDocument/2006/relationships/printerSettings
2025-12-08 08:49:36,498 DEBUG org.apache.poi.openxml4j.opc.PackageRelationshipCollection - Parsing relationship: /xl/_rels/workbook.xml.rels
2025-12-08 08:49:36,499 DEBUG org.apache.poi.openxml4j.opc.PackageRelationshipCollection - Parsing relationship: /xl/worksheets/_rels/sheet3.xml.rels
2025-12-08 08:49:36,500 DEBUG org.apache.poi.openxml4j.opc.PackageRelationshipCollection - Parsing relationship: /_rels/.rels
2025-12-08 08:49:36,525 DEBUG org.apache.poi.ooxml.POIXMLFactory - using default POIXMLDocumentPart for http://schemas.openxmlformats.org/officeDocument/2006/relationships/printerSettings
2025-12-08 08:49:36,550 DEBUG org.apache.poi.openxml4j.opc.PackageRelationshipCollection - Parsing relationship: /xl/_rels/workbook.xml.rels
2025-12-08 08:49:36,551 DEBUG org.apache.poi.openxml4j.opc.PackageRelationshipCollection - Parsing relationship: /xl/worksheets/_rels/sheet3.xml.rels
2025-12-08 08:49:36,552 DEBUG org.apache.poi.openxml4j.opc.PackageRelationshipCollection - Parsing relationship: /_rels/.rels
2025-12-08 08:49:36,565 DEBUG org.apache.poi.ooxml.POIXMLFactory - using default POIXMLDocumentPart for http://schemas.openxmlformats.org/officeDocument/2006/relationships/printerSettings
2025-12-08 08:49:36,590 DEBUG org.apache.poi.openxml4j.opc.PackageRelationshipCollection - Parsing relationship: /xl/_rels/workbook.xml.rels
2025-12-08 08:49:36,591 DEBUG org.apache.poi.openxml4j.opc.PackageRelationshipCollection - Parsing relationship: /xl/worksheets/_rels/sheet3.xml.rels
2025-12-08 08:49:36,592 DEBUG org.apache.poi.openxml4j.opc.PackageRelationshipCollection - Parsing relationship: /_rels/.rels
2025-12-08 08:49:36,609 DEBUG org.apache.poi.ooxml.POIXMLFactory - using default POIXMLDocumentPart for http://schemas.openxmlformats.org/officeDocument/2006/relationships/printerSettings
2025-12-08 08:49:36,632 INFO  com.framework.tests.TC003_LoginDDTest - ===== Starting Data Driven Login Test =====
2025-12-08 08:49:36,632 INFO  com.framework.tests.TC003_LoginDDTest - Navigating to My Account...
2025-12-08 08:49:36,944 INFO  com.framework.tests.TC003_LoginDDTest - Clicking on Login...
2025-12-08 08:49:37,313 INFO  com.framework.tests.TC003_LoginDDTest - Entering User Email: piwene6598@badfist.com
2025-12-08 08:49:37,514 INFO  com.framework.tests.TC003_LoginDDTest - Entering User Password: Qaz@123
2025-12-08 08:49:37,670 INFO  com.framework.tests.TC003_LoginDDTest - Clicking on Login button...
2025-12-08 08:49:37,812 INFO  com.framework.tests.TC003_LoginDDTest - Validating if MyAccount page is displayed...
2025-12-08 08:49:37,813 INFO  com.framework.pages.MyAccountPage - Checking if 'My Account' message is displayed
2025-12-08 08:49:38,755 INFO  com.framework.pages.MyAccountPage - 'My Account' message visibility: true
2025-12-08 08:49:38,755 INFO  com.framework.tests.TC003_LoginDDTest - Target page status: true
2025-12-08 08:49:38,756 INFO  com.framework.tests.TC003_LoginDDTest - Expected result: VALID login
2025-12-08 08:49:38,756 INFO  com.framework.tests.TC003_LoginDDTest - Login successful with valid credentials.
2025-12-08 08:49:38,756 INFO  com.framework.pages.MyAccountPage - Attempting to click Logout button
2025-12-08 08:49:39,198 INFO  com.framework.pages.MyAccountPage - Logout button clicked successfully
2025-12-08 08:49:39,198 INFO  com.framework.tests.TC003_LoginDDTest - ===== Data Driven Login Test Completed =====
2025-12-08 08:49:39,213 INFO  com.framework.tests.TC003_LoginDDTest - ===== Starting Data Driven Login Test =====
2025-12-08 08:49:39,214 INFO  com.framework.tests.TC003_LoginDDTest - Navigating to My Account...
2025-12-08 08:49:39,336 INFO  com.framework.tests.TC003_LoginDDTest - Clicking on Login...
2025-12-08 08:49:39,648 INFO  com.framework.tests.TC003_LoginDDTest - Entering User Email: piwene6598@badfist.com
2025-12-08 08:49:39,797 INFO  com.framework.tests.TC003_LoginDDTest - Entering User Password: WrongPass123
2025-12-08 08:49:40,016 INFO  com.framework.tests.TC003_LoginDDTest - Clicking on Login button...
2025-12-08 08:49:40,194 INFO  com.framework.tests.TC003_LoginDDTest - Validating if MyAccount page is displayed...
2025-12-08 08:49:40,194 INFO  com.framework.pages.MyAccountPage - Checking if 'My Account' message is displayed
2025-12-08 08:50:00,909 ERROR com.framework.pages.MyAccountPage - Failed to verify 'My Account' message: Expected condition failed: waiting for visibility of Proxy element for: DefaultElementLocator 'By.xpath: //h2[normalize-space()='My Account']' (tried for 10 second(s) with 500 milliseconds interval)
2025-12-08 08:50:00,910 INFO  com.framework.tests.TC003_LoginDDTest - Target page status: false
2025-12-08 08:50:00,910 INFO  com.framework.tests.TC003_LoginDDTest - Expected result: INVALID login
2025-12-08 08:50:00,910 INFO  com.framework.tests.TC003_LoginDDTest - Login failed as expected with invalid credentials.
2025-12-08 08:50:00,967 INFO  com.framework.tests.TC003_LoginDDTest - Warning: No match for E-Mail Address and/or Password.
2025-12-08 08:50:00,968 INFO  com.framework.tests.TC003_LoginDDTest - ===== Data Driven Login Test Completed =====
2025-12-08 08:50:00,972 INFO  com.framework.tests.TC003_LoginDDTest - ===== Starting Data Driven Login Test =====
2025-12-08 08:50:00,972 INFO  com.framework.tests.TC003_LoginDDTest - Navigating to My Account...
2025-12-08 08:50:01,102 INFO  com.framework.tests.TC003_LoginDDTest - Clicking on Login...
2025-12-08 08:50:01,609 INFO  com.framework.tests.TC003_LoginDDTest - Entering User Email: wrongemail@badfist.com
2025-12-08 08:50:01,765 INFO  com.framework.tests.TC003_LoginDDTest - Entering User Password: Qaz@123
2025-12-08 08:50:01,887 INFO  com.framework.tests.TC003_LoginDDTest - Clicking on Login button...
2025-12-08 08:50:01,991 INFO  com.framework.tests.TC003_LoginDDTest - Validating if MyAccount page is displayed...
2025-12-08 08:50:01,991 INFO  com.framework.pages.MyAccountPage - Checking if 'My Account' message is displayed
2025-12-08 08:50:22,019 ERROR com.framework.pages.MyAccountPage - Failed to verify 'My Account' message: Expected condition failed: waiting for visibility of Proxy element for: DefaultElementLocator 'By.xpath: //h2[normalize-space()='My Account']' (tried for 10 second(s) with 500 milliseconds interval)
2025-12-08 08:50:22,019 INFO  com.framework.tests.TC003_LoginDDTest - Target page status: false
2025-12-08 08:50:22,019 INFO  com.framework.tests.TC003_LoginDDTest - Expected result: INVALID login
2025-12-08 08:50:22,019 INFO  com.framework.tests.TC003_LoginDDTest - Login failed as expected with invalid credentials.
2025-12-08 08:50:22,067 INFO  com.framework.tests.TC003_LoginDDTest - Warning: No match for E-Mail Address and/or Password.
2025-12-08 08:50:22,067 INFO  com.framework.tests.TC003_LoginDDTest - ===== Data Driven Login Test Completed =====
2025-12-08 08:50:22,075 INFO  com.framework.tests.TC003_LoginDDTest - ===== Starting Data Driven Login Test =====
2025-12-08 08:50:22,075 INFO  com.framework.tests.TC003_LoginDDTest - Navigating to My Account...
2025-12-08 08:50:22,185 INFO  com.framework.tests.TC003_LoginDDTest - Clicking on Login...
2025-12-08 08:50:22,661 INFO  com.framework.tests.TC003_LoginDDTest - Entering User Email: piwene6598@badfist.com
2025-12-08 08:50:22,814 INFO  com.framework.tests.TC003_LoginDDTest - Entering User Password: 
2025-12-08 08:50:22,947 INFO  com.framework.tests.TC003_LoginDDTest - Clicking on Login button...
2025-12-08 08:50:23,067 INFO  com.framework.tests.TC003_LoginDDTest - Validating if MyAccount page is displayed...
2025-12-08 08:50:23,067 INFO  com.framework.pages.MyAccountPage - Checking if 'My Account' message is displayed
2025-12-08 08:50:43,151 ERROR com.framework.pages.MyAccountPage - Failed to verify 'My Account' message: Expected condition failed: waiting for visibility of Proxy element for: DefaultElementLocator 'By.xpath: //h2[normalize-space()='My Account']' (tried for 10 second(s) with 500 milliseconds interval)
2025-12-08 08:50:43,151 INFO  com.framework.tests.TC003_LoginDDTest - Target page status: false
2025-12-08 08:50:43,151 INFO  com.framework.tests.TC003_LoginDDTest - Expected result: INVALID login
2025-12-08 08:50:43,151 INFO  com.framework.tests.TC003_LoginDDTest - Login failed as expected with invalid credentials.
2025-12-08 08:50:43,193 INFO  com.framework.tests.TC003_LoginDDTest - Warning: No match for E-Mail Address and/or Password.
2025-12-08 08:50:43,193 INFO  com.framework.tests.TC003_LoginDDTest - ===== Data Driven Login Test Completed =====
2025-12-08 08:50:43,197 INFO  com.framework.tests.TC003_LoginDDTest - ===== Starting Data Driven Login Test =====
2025-12-08 08:50:43,198 INFO  com.framework.tests.TC003_LoginDDTest - Navigating to My Account...
2025-12-08 08:50:43,317 INFO  com.framework.tests.TC003_LoginDDTest - Clicking on Login...
2025-12-08 08:50:43,751 INFO  com.framework.tests.TC003_LoginDDTest - Entering User Email: 
2025-12-08 08:50:43,866 INFO  com.framework.tests.TC003_LoginDDTest - Entering User Password: Qaz@123
2025-12-08 08:50:44,007 INFO  com.framework.tests.TC003_LoginDDTest - Clicking on Login button...
2025-12-08 08:50:44,769 INFO  com.framework.tests.TC003_LoginDDTest - Validating if MyAccount page is displayed...
2025-12-08 08:50:44,769 INFO  com.framework.pages.MyAccountPage - Checking if 'My Account' message is displayed
2025-12-08 08:51:04,851 ERROR com.framework.pages.MyAccountPage - Failed to verify 'My Account' message: Expected condition failed: waiting for visibility of Proxy element for: DefaultElementLocator 'By.xpath: //h2[normalize-space()='My Account']' (tried for 10 second(s) with 500 milliseconds interval)
2025-12-08 08:51:04,851 INFO  com.framework.tests.TC003_LoginDDTest - Target page status: false
2025-12-08 08:51:04,851 INFO  com.framework.tests.TC003_LoginDDTest - Expected result: INVALID login
2025-12-08 08:51:04,851 INFO  com.framework.tests.TC003_LoginDDTest - Login failed as expected with invalid credentials.
2025-12-08 08:51:04,892 INFO  com.framework.tests.TC003_LoginDDTest - Warning: No match for E-Mail Address and/or Password.
2025-12-08 08:51:04,892 INFO  com.framework.tests.TC003_LoginDDTest - ===== Data Driven Login Test Completed =====
2025-12-08 08:51:04,896 INFO  com.framework.tests.TC003_LoginDDTest - ===== Starting Data Driven Login Test =====
2025-12-08 08:51:04,897 INFO  com.framework.tests.TC003_LoginDDTest - Navigating to My Account...
2025-12-08 08:51:05,011 INFO  com.framework.tests.TC003_LoginDDTest - Clicking on Login...
2025-12-08 08:51:05,419 INFO  com.framework.tests.TC003_LoginDDTest - Entering User Email: piwene6598@badfist.com
2025-12-08 08:51:05,574 INFO  com.framework.tests.TC003_LoginDDTest - Entering User Password: ' OR 1=1 --
2025-12-08 08:51:05,702 INFO  com.framework.tests.TC003_LoginDDTest - Clicking on Login button...
2025-12-08 08:51:05,808 INFO  com.framework.tests.TC003_LoginDDTest - Validating if MyAccount page is displayed...
2025-12-08 08:51:05,808 INFO  com.framework.pages.MyAccountPage - Checking if 'My Account' message is displayed
2025-12-08 08:51:26,374 ERROR com.framework.pages.MyAccountPage - Failed to verify 'My Account' message: Expected condition failed: waiting for visibility of Proxy element for: DefaultElementLocator 'By.xpath: //h2[normalize-space()='My Account']' (tried for 10 second(s) with 500 milliseconds interval)
2025-12-08 08:51:26,374 INFO  com.framework.tests.TC003_LoginDDTest - Target page status: false
2025-12-08 08:51:26,374 INFO  com.framework.tests.TC003_LoginDDTest - Expected result: VALID login
2025-12-08 08:51:26,374 WARN  com.framework.tests.TC003_LoginDDTest - Login failed even though credentials are valid.
2025-12-08 08:51:26,376 INFO  com.framework.tests.TC003_LoginDDTest - ===== Data Driven Login Test Completed =====
2025-12-08 08:51:26,483 INFO  com.framework.tests.TC003_LoginDDTest - Closing WebDriver
